{"normal":{"parameters":["loc","scale"],"ci_lower":[163.2335125,768.4423958811],"ci_upper":[242.9568625,921.2464827707],"mean_params":[201.201105,843.1551705773]},"lognorm":{"parameters":["s","loc","scale"],"ci_lower":[0.0263132521,-41218.1586023684,0.1704143161],"ci_upper":[8.3179139351,-2726.775,41733.5381767604],"mean_params":[3.0367780671,-11738.962715751,9647.767307993]},"gamma":{"parameters":["a","loc","scale"],"ci_lower":[0.0009183379,-1432346.1200275186,1.6152984263],"ci_upper":[1546.172816996,-1598.75,1375.7234503367],"mean_params":[1588.0705610563,-227029.4027883535,284.2380718485]}}