Unnamed: 0,distribution,aic,ks_statistic,p_value,parameters
0.0,normal,367218.184842108,0.0772625337374257,2.3315236196314052e-117,"(np.float64(201.8134381383782), np.float64(841.2203639591527))"
1.0,nct,361424.1562700449,0.0127980295239091,0.001240789312409,"(np.float64(3.698891513832923), np.float64(0.2558362315515872), np.float64(-2.297276173163149), np.float64(554.3482140653779))"
2.0,lognorm,365832.9398502099,0.0638281343438039,3.3690874397576548e-80,"(np.float64(0.06096933024218231), np.float64(-13202.308546066919), np.float64(13378.911581723209))"
3.0,gamma,inf,0.9981379344966944,0.0,"(np.float64(0.0026067331794984785), np.float64(-2549.0000000000005), np.float64(3.8571040346351135))"
,burr12,553587.6738141493,0.6148620245512247,0.0,"(np.float64(0.8726996237166849), np.float64(0.1348158395006304), np.float64(-9307.000000000002), np.float64(2.0048014221223833))"
,gengamma,516636.77756945905,0.5830740237637404,0.0,"(np.float64(0.4695988134707385), np.float64(-0.5859677401940082), np.float64(-9311.586051612823), np.float64(220.18170479302796))"
,lomax,514919.8488063783,0.6167731105408382,0.0,"(np.float64(0.37731581848137474), np.float64(-11349.406412978205), np.float64(779.2829671376549))"
,invgauss,476759.69474614534,0.6138056767805979,0.0,"(np.float64(21284.34566378509), np.float64(-9351.14286636575), np.float64(9394.773539458609))"
,expon,457568.60608054546,0.5512786660628969,0.0,"(-9307.0, 9508.813438138379)"
