,distribution,aic,ks_statistic,p_value,parameters
0,normal,367218.184842108,0.07726253373742575,2.331523619631405e-117,"(np.float64(201.8134381383782), np.float64(841.2203639591527))"
1,nct,361424.1562700449,0.012798029523909127,0.0012407893124090888,"(np.float64(3.698891513832923), np.float64(0.2558362315515872), np.float64(-2.297276173163149), np.float64(554.3482140653779))"
2,lognorm,365832.9398502099,0.06382813434380397,3.3690874397576548e-80,"(np.float64(0.06096933024218231), np.float64(-13202.308546066919), np.float64(13378.911581723209))"
3,gamma,inf,0.9981379344966944,0.0,"(np.float64(0.0026067331794984785), np.float64(-2549.0000000000005), np.float64(3.8571040346351135))"
