,sched_ts,delay_s,delay_min
sched_ts,1.0,0.9998680574636633,0.9998680574636633
delay_s,0.9999994662081271,1.0,1.0
delay_min,0.9999994662081271,1.0,1.0
