,sched_ts,delay_s,delay_min
sched_ts,1.0,0.0,0.0
delay_s,0.0027130051550419954,1.0,0.0002989957769658081
delay_min,0.0027130051550419954,0.0007084178624124126,1.0
