{"normal":{"parameters":["loc","scale"],"ci_lower":[67.5694375,918.7668845763],"ci_upper":[149.8351875,1236.4309073443],"mean_params":[108.197415,1036.1783127088]},"lognorm":{"parameters":["s","loc","scale"],"ci_lower":[0.0023995681,-462075.4157854879,0.8874183609],"ci_upper":[9.8202701545,-2551.75,462198.5532396043],"mean_params":[3.406011716,-36319.1128308176,32549.1179784878]},"gamma":{"parameters":["a","loc","scale"],"ci_lower":[0.0005791868,-472740.7427638112,1.751802338],"ci_upper":[1285.0043293636,-1895.775,1858.704796166],"mean_params":[126.0989883594,-92086.9020876163,290.1188662739]}}