,distribution,aic,ks_statistic,p_value,parameters
0,normal,4453586.380655038,0.08059770000449762,0.0,"(np.float64(108.06441304258027), np.float64(1035.997836637036))"
1,nct,4369857.255444057,0.012024687472250717,7.107787024116694e-34,"(np.float64(4.144283574765446), np.float64(0.8295780184231778), np.float64(-609.9243287925067), np.float64(681.8475755497748))"
2,lognorm,4451550.37949847,0.07828612583089567,0.0,"(np.float64(0.011901015261104323), np.float64(-86616.71893826866), np.float64(86718.63448850269))"
3,gamma,4925374.778465132,0.32893641319633954,0.0,"(np.float64(1616.699262623045), np.float64(-160966.431995256), np.float64(99.6040643429547))"
