Unnamed: 0,distribution,aic,ks_statistic,p_value,parameters
0.0,normal,4453586.380655038,0.0805977000044976,0.0,"(np.float64(108.06441304258027), np.float64(1035.997836637036))"
1.0,nct,4369857.255444057,0.0120246874722507,7.1077870241166945e-34,"(np.float64(4.144283574765446), np.float64(0.8295780184231778), np.float64(-609.9243287925067), np.float64(681.8475755497748))"
2.0,lognorm,4451550.37949847,0.0782861258308956,0.0,"(np.float64(0.011901015261104323), np.float64(-86616.71893826866), np.float64(86718.63448850269))"
3.0,gamma,4925374.778465132,0.3289364131963395,0.0,"(np.float64(1616.699262623045), np.float64(-160966.431995256), np.float64(99.6040643429547))"
,burr12,6735247.763093455,0.6218904534007151,0.0,"(np.float64(168.77370791885758), np.float64(0.001657290745546693), np.float64(-31786.20930124379), np.float64(893.2558671538969))"
,gengamma,6840838.3019451285,0.9999962447943461,0.0,"(np.float64(0.0007801079193490775), np.float64(-381.79424298596797), np.float64(-41184.159958748125), np.float64(1411.1284535753243))"
,lomax,7264768.137921251,0.6258166479157559,0.0,"(np.float64(0.10266239445700984), np.float64(-31771.00000036627), np.float64(1.9717406368125974))"
,invgauss,6648427.200727076,0.7956010761337787,0.0,"(np.float64(10.446926598183971), np.float64(-34719.142979979806), np.float64(3814.835488402219))"
,expon,6055440.550437676,0.6019867864865256,0.0,"(-31771.0, 31879.06441304258)"
