{"normal":{"parameters":["loc","scale"],"ci_lower":[174.2430875,787.1538641582],"ci_upper":[210.93765,1073.5887256206],"mean_params":[190.0442575,877.4743969828]},"lognorm":{"parameters":["s","loc","scale"],"ci_lower":[0.0021010434,-501284.4826325958,0.3929259969],"ci_upper":[8.6789202764,-1930.0,501465.4880192415],"mean_params":[2.8051859465,-47955.3639732921,45307.1534727049]},"gamma":{"parameters":["a","loc","scale"],"ci_lower":[0.0002881864,-318714.6999233299,1.6888057142],"ci_upper":[653.2734947926,-1457.625,1162.5133423752],"mean_params":[66.4469516332,-163648.6922662872,319.9719425921]}}