,distribution,aic,ks_statistic,p_value,parameters
0,normal,7311665.1789959,0.08884628641921566,0.0,"(np.float64(190.98290365923256), np.float64(893.5415450115172))"
1,nct,7148407.857537989,0.011515402837020516,1.0815325941752792e-51,"(np.float64(4.478222736734388), np.float64(1.0719867596247294), np.float64(-574.1075021997192), np.float64(565.2058071124159))"
2,lognorm,12681852.380749883,0.8293086634230348,0.0,"(np.float64(9.798089142054087), np.float64(-39330.00000000001), np.float64(3.216285572550725))"
3,gamma,inf,0.27045260601364757,0.0,"(np.float64(14.294315138992328), np.float64(-5633.106621001643), np.float64(388.52045938230594))"
