Unnamed: 0,distribution,aic,ks_statistic,p_value,parameters
0.0,normal,7311665.1789959,0.0888462864192156,0.0,"(np.float64(190.98290365923256), np.float64(893.5415450115172))"
1.0,nct,7148407.857537989,0.0115154028370205,1.0815325941752792e-51,"(np.float64(4.478222736734388), np.float64(1.0719867596247294), np.float64(-574.1075021997192), np.float64(565.2058071124159))"
2.0,lognorm,12681852.380749883,0.8293086634230348,0.0,"(np.float64(9.798089142054087), np.float64(-39330.00000000001), np.float64(3.216285572550725))"
3.0,gamma,inf,0.2704526060136475,0.0,"(np.float64(14.294315138992328), np.float64(-5633.106621001643), np.float64(388.52045938230594))"
,burr12,12148528.887237178,0.5935967046485185,0.0,"(np.float64(12.25194972419397), np.float64(0.009471795863061943), np.float64(-39331.9702812498), np.float64(15.551527849257354))"
,gengamma,12232780.565945547,0.6120288072099948,0.0,"(np.float64(0.22191830099667936), np.float64(-0.5018101812051021), np.float64(-39330.12041799132), np.float64(3.2980956488020405))"
,lomax,12152111.855851725,0.6262288579040609,0.0,"(np.float64(0.1410293708986765), np.float64(-44087.971750033525), np.float64(38.41687683415677))"
,invgauss,13104753.729229541,0.9796266712475621,0.0,"(np.float64(49.19989055335594), np.float64(-39331.98644679552), np.float64(75.49391424432883))"
,expon,10311815.615597898,0.6112689310274143,0.0,"(-39330.0, 39520.982903659235)"
