{"normal":{"parameters":["loc","scale"],"ci_lower":[718.5383625,1130.2366402379],"ci_upper":[770.235075,1499.3379762822],"mean_params":[744.123395,1232.5825455764]},"lognorm":{"parameters":["s","loc","scale"],"ci_lower":[0.0045409757,-267390.0734900431,0.3773944467],"ci_upper":[9.9948034871,-1930.0,268125.8493867311],"mean_params":[3.1919147855,-39231.0161851076,35988.3093738724]},"gamma":{"parameters":["a","loc","scale"],"ci_lower":[0.0003156724,-871541.5782906611,1.7676926532],"ci_upper":[1056.3894304145,-1409.2,1313.6756643134],"mean_params":[120.0368682025,-174043.1879542131,329.7716150343]}}