,distribution,aic,ks_statistic,p_value,parameters
0,normal,5408213.986227596,0.10021533849646591,0.0,"(np.float64(745.6820418126399), np.float64(1250.2570467139828))"
1,nct,5278473.881038716,0.004185819766886145,3.066473967191001e-05,"(np.float64(4.150759539992647), np.float64(1.5387567555398207), np.float64(-619.6558794703258), np.float64(714.745456200704))"
2,lognorm,8913036.135317206,0.7766546627564443,0.0,"(np.float64(9.807742176005021), np.float64(-39062.00000000001), np.float64(20.587478964465056))"
3,gamma,inf,0.9985763564987858,0.0,"(np.float64(0.002445537525719143), np.float64(-1931.0000000000002), np.float64(5.410428668045556))"
