Unnamed: 0,distribution,aic,ks_statistic,p_value,parameters
0.0,normal,5408213.986227596,0.1002153384964659,0.0,"(np.float64(745.6820418126399), np.float64(1250.2570467139828))"
1.0,nct,5278473.881038716,0.0041858197668861,3.066473967191001e-05,"(np.float64(4.150759539992647), np.float64(1.5387567555398207), np.float64(-619.6558794703258), np.float64(714.745456200704))"
2.0,lognorm,8913036.135317206,0.7766546627564443,0.0,"(np.float64(9.807742176005021), np.float64(-39062.00000000001), np.float64(20.587478964465056))"
3.0,gamma,inf,0.9985763564987858,0.0,"(np.float64(0.002445537525719143), np.float64(-1931.0000000000002), np.float64(5.410428668045556))"
,burr12,8781102.123731673,0.6249064030739305,0.0,"(np.float64(0.8164336040535378), np.float64(0.12276564050106127), np.float64(-39062.00000000001), np.float64(2.0331869653273467))"
,gengamma,8689706.454206979,0.6096736051834049,0.0,"(np.float64(0.22892668927376775), np.float64(-0.4905554833615264), np.float64(-39062.14416681492), np.float64(3.6934743959924616))"
,lomax,8788355.304188652,0.627409923643528,0.0,"(np.float64(0.0997253019897397), np.float64(-39062.00000032026), np.float64(1.808177351550167))"
,invgauss,7598709.615388339,0.6478524192980525,0.0,"(np.float64(75449.60608424411), np.float64(-39112.01365273433), np.float64(39710.0802042789))"
,expon,7332244.412245883,0.6064844013640408,0.0,"(-39062.0, 39807.68204181264)"
