{"normal":{"parameters":["loc","scale"],"ci_lower":[249.7865,746.577203956],"ci_upper":[329.5295,1842.8646235767],"mean_params":[287.563445,871.8594319981]},"lognorm":{"parameters":["s","loc","scale"],"ci_lower":[0.0322104932,-25194.3358129784,0.2678337635],"ci_upper":[8.252645135,-2266.675,25481.2149672217],"mean_params":[2.7402727169,-6332.5393927267,4642.3929747922]},"gamma":{"parameters":["a","loc","scale"],"ci_lower":[0.0000116619,-1415520.1931588307,1.7766265138],"ci_upper":[1063.9609715035,-1513.725,1913.9494117032],"mean_params":[119.1993906075,-590322.4453586461,5961.0688897922]}}