Unnamed: 0,distribution,aic,ks_statistic,p_value,parameters
0.0,normal,489272.0689283721,0.0961656751536375,2.5589742602515243e-239,"(np.float64(287.90352473379164), np.float64(920.1705711060407))"
1.0,nct,475376.0097572269,0.0029224676863617,0.9610552750361449,"(np.float64(3.9944337766730142), np.float64(0.7548083699902994), np.float64(-230.94126120297184), np.float64(544.948678569005))"
2.0,lognorm,inf,0.8143866527146586,0.0,"(np.float64(8.14387068430094), np.float64(-6549.000000000002), np.float64(2.8983731421593255))"
3.0,gamma,inf,0.9989138096579444,0.0,"(np.float64(3.543570061317426e-05), np.float64(-2368.0000000000005), np.float64(5.03973388834587))"
,burr12,722784.2890844657,0.6145144308138539,0.0,"(np.float64(1.1291599427342258), np.float64(0.10623405891617997), np.float64(-8365.030199523802), np.float64(2.1332671216865533))"
,gengamma,703290.6782127416,0.5862960871318159,0.0,"(np.float64(0.2318419566598816), np.float64(-0.6826704195631923), np.float64(-8365.822398972263), np.float64(13.12821180517167))"
,lomax,722944.1331958207,0.6124292802798681,0.0,"(np.float64(0.11895991320374982), np.float64(-8365.00000324814), np.float64(2.0888208508546438))"
,invgauss,685180.9709917677,0.8289031493938888,0.0,"(np.float64(24.669274712421938), np.float64(-8861.664690215344), np.float64(447.44319432828377))"
,expon,597420.471335228,0.5459772773416613,0.0,"(-8365.0, 8652.903524733792)"
