,distribution,aic,ks_statistic,p_value,parameters
0,normal,489272.0689283721,0.0961656751536375,2.558974260251524e-239,"(np.float64(287.90352473379164), np.float64(920.1705711060407))"
1,nct,475376.0097572269,0.0029224676863617294,0.9610552750361447,"(np.float64(3.9944337766730142), np.float64(0.7548083699902994), np.float64(-230.94126120297184), np.float64(544.948678569005))"
2,lognorm,inf,0.8143866527146586,0.0,"(np.float64(8.14387068430094), np.float64(-6549.000000000002), np.float64(2.8983731421593255))"
3,gamma,inf,0.9989138096579444,0.0,"(np.float64(3.543570061317426e-05), np.float64(-2368.0000000000005), np.float64(5.03973388834587))"
