{"normal":{"parameters":["loc","scale"],"ci_lower":[634.1502125,1073.5799214513],"ci_upper":[688.5717,1541.7992559655],"mean_params":[662.8034575,1251.3885417833]},"lognorm":{"parameters":["s","loc","scale"],"ci_lower":[0.0014658382,-903380.1414259246,0.3730545926],"ci_upper":[10.6931163785,-2128.45,904019.5310142111],"mean_params":[4.2857146434,-84443.6137766468,76434.829641061]},"gamma":{"parameters":["a","loc","scale"],"ci_lower":[0.0002642672,-1555781.6247956813,1.754123441],"ci_upper":[782.0525666396,-1294.975,2616.8331817993],"mean_params":[92.01138181,-93451.9418334429,272.4275663122]}}