Unnamed: 0,distribution,aic,ks_statistic,p_value,parameters
0.0,normal,10197292.953036528,0.132993254632418,0.0,"(np.float64(662.4205288908115), np.float64(1248.675239172095))"
1.0,nct,9804874.880063418,0.0109987436382923,4.240417129011321e-63,"(np.float64(2.6572484932007265), np.float64(0.7548290216886939), np.float64(-3.1502542381305307), np.float64(580.1953613900562))"
2.0,lognorm,10240540.76480006,0.194606366909005,0.0,"(np.float64(0.02050040216407929), np.float64(-61961.186115370176), np.float64(62815.69143923757))"
3.0,gamma,11503771.51353987,0.3557703832134896,0.0,"(np.float64(79.02172599098103), np.float64(-52553.65020557531), np.float64(680.6161373607101))"
,burr12,15728597.88566453,0.6510690755563627,0.0,"(np.float64(86.48919661976117), np.float64(0.0030232152352319816), np.float64(-46960.229109821725), np.float64(787.3811022996695))"
,gengamma,15945015.170774756,0.9998993994145046,0.0,"(np.float64(0.0009020791683960489), np.float64(-195.8894202792341), np.float64(-49439.12721104294), np.float64(502.7758678955206))"
,lomax,14098490.643287476,0.5756661454834402,0.0,"(np.float64(10.957776845242288), np.float64(-47078.91595357198), np.float64(553869.9626597085))"
,invgauss,17309022.508683354,0.9644170116472448,0.0,"(np.float64(52.36747455903988), np.float64(-47017.63515532289), np.float64(180.19268019309328))"
,expon,14040946.8722975,0.6110740468314159,0.0,"(-46960.0, 47622.42052889081)"
