{"normal":{"parameters":["loc","scale"],"ci_lower":[1066.65757,1255.2360915827],"ci_upper":[1136.85604,1697.3258562702],"mean_params":[1100.573487,1406.5831121383]},"nct":{"parameters":["df","nc","loc","scale"],"ci_lower":[3.1906825003,1.0964345006,-417.7792010711,714.826668304],"ci_upper":[4.2446902347,1.6515024169,0.3449744418,764.4975564784],"mean_params":[3.555318067,1.2281531959,-81.964209175,740.6180629514]},"lognorm":{"parameters":["s","loc","scale"],"ci_lower":[0.0041719546,-383652.0896527412,0.5111123166],"ci_upper":[10.9984563119,-3207.9619358829,384723.6454428452],"mean_params":[4.771284612,-77391.6583464951,62959.302995181]},"gamma":{"parameters":["a","loc","scale"],"ci_lower":[0.0001525517,-740328.6656526042,2.1720957639],"ci_upper":[1621.9569483664,-1263.825,1997.6367207722],"mean_params":[2100.498500406,-57043.1806467,217.4739222572]}}