,distribution,aic,ks_statistic,p_value,parameters
0,normal,9718597.1491462,0.10890886542108946,0.0,"(np.float64(1098.1378635162077), np.float64(1414.3089798786925))"
1,nct,9411648.299156003,0.003397572337240473,4.814892665411408e-06,"(np.float64(3.747163088803502), np.float64(1.4161618794137802), np.float64(-230.75239285277834), np.float64(739.6260857605444))"
2,lognorm,16245707.594842955,0.8413706295066846,0.0,"(np.float64(10.313356641029706), np.float64(-44838.000000000015), np.float64(1.352381572873905))"
3,gamma,9771524.100357274,0.15064807477215686,0.0,"(np.float64(1077.1310828387423), np.float64(-53517.417154027746), np.float64(50.615771660293646))"
