Unnamed: 0,distribution,aic,ks_statistic,p_value,parameters
0.0,normal,9718597.1491462,0.1089088654210894,0.0,"(np.float64(1098.1378635162077), np.float64(1414.3089798786925))"
1.0,nct,9411648.299156005,0.0033975723372404,4.814892665411408e-06,"(np.float64(3.747163088803502), np.float64(1.4161618794137802), np.float64(-230.75239285277834), np.float64(739.6260857605444))"
2.0,lognorm,16245707.594842955,0.8413706295066846,0.0,"(np.float64(10.313356641029706), np.float64(-44838.000000000015), np.float64(1.352381572873905))"
3.0,gamma,9771524.100357274,0.1506480747721568,0.0,"(np.float64(1077.1310828387423), np.float64(-53517.417154027746), np.float64(50.615771660293646))"
,burr12,15015686.377218189,0.6258565288804988,0.0,"(np.float64(112.04147483847593), np.float64(0.0016879114810947012), np.float64(-44845.562081649674), np.float64(232.03847024396816))"
,gengamma,14149030.082191635,1.0,0.0,"(np.float64(0.00014805785045210766), np.float64(-3156.1373468472702), np.float64(-60869.88935771363), np.float64(10432.545083563884))"
,lomax,14398308.57011719,0.8052138270818556,0.0,"(np.float64(0.7217309961834975), np.float64(-44838.00007192367), np.float64(4903.654292105493))"
,invgauss,13620561.458214212,0.649445706317775,0.0,"(np.float64(15571.413045474228), np.float64(-44881.31061073173), np.float64(45825.517167405065))"
,expon,13149244.085798116,0.607529133756188,0.0,"(-44838.0, 45936.13786351621)"
