{"normal":{"parameters":["loc","scale"],"ci_lower":[-5.1623,836.5353457118],"ci_upper":[71.4132625,1002.0487136383],"mean_params":[37.3957325,908.5665647755]},"lognorm":{"parameters":["s","loc","scale"],"ci_lower":[0.0035500919,-275964.2800609928,0.7154854348],"ci_upper":[8.6999715099,-4532.5332250253,275959.7761515159],"mean_params":[3.247628116,-42051.5446062886,38582.59551997]},"gamma":{"parameters":["a","loc","scale"],"ci_lower":[0.0029260374,-168765.0104218407,1.7438170383],"ci_upper":[2135.8819837643,-1941.8,588.7575693786],"mean_params":[16256.0882871365,-51823.1372326901,93.4700997988]}}