,distribution,aic,ks_statistic,p_value,parameters
0,normal,1117786.9161386343,0.06640756695242356,7.693463528563101e-261,"(np.float64(36.97077185852696), np.float64(907.2892135256737))"
1,nct,1102500.3961011553,0.004385119023395223,0.14630760952402333,"(np.float64(4.084472534564411), np.float64(0.4124835812904037), np.float64(-282.5534549159967), np.float64(621.9317284294534))"
2,lognorm,1117465.210474815,0.06406462686757142,8.981456457025679e-243,"(np.float64(0.015518101143607703), np.float64(-58297.23323463875), np.float64(58327.1717593413))"
3,gamma,1134784.6803779367,0.16664918942074808,0.0,"(np.float64(365.6528216242518), np.float64(-25765.408183069172), np.float64(70.31084211139503))"
