Unnamed: 0,distribution,aic,ks_statistic,p_value,parameters
0.0,normal,1117786.9161386343,0.0664075669524235,7.693463528563101e-261,"(np.float64(36.97077185852696), np.float64(907.2892135256737))"
1.0,nct,1102500.396101155,0.0043851190233952,0.1463076095240233,"(np.float64(4.084472534564411), np.float64(0.4124835812904037), np.float64(-282.5534549159967), np.float64(621.9317284294534))"
2.0,lognorm,1117465.210474815,0.0640646268675714,8.981456457025679e-243,"(np.float64(0.015518101143607703), np.float64(-58297.23323463875), np.float64(58327.1717593413))"
3.0,gamma,1134784.6803779367,0.166649189420748,0.0,"(np.float64(365.6528216242518), np.float64(-25765.408183069172), np.float64(70.31084211139503))"
,burr12,1750941.1041876008,0.6166764185876745,0.0,"(np.float64(0.5053382834568645), np.float64(0.2211679795538398), np.float64(-16324.000000000002), np.float64(2.4407063089628838))"
,gengamma,1478040.8975622766,0.9999852754954796,0.0,"(np.float64(0.00012846417051637262), np.float64(-29999.047715112123), np.float64(-81127.68346635427), np.float64(63814.2449126869))"
,lomax,1753442.3093240974,0.6202633622933342,0.0,"(np.float64(0.10950547681654318), np.float64(-16324.000020637744), np.float64(1.826399946589806))"
,invgauss,1655041.5232630018,0.7440068933021797,0.0,"(np.float64(4305.84907009629), np.float64(-22585.912093964333), np.float64(2074.359537352463))"
,expon,1453724.0802492038,0.5748574034516565,0.0,"(-16324.0, 16360.970771858527)"
