Airport,Airport_Name,Delay_Type,Distribution,KS_Statistic,P_value,AIC,BIC,P90,P95,P99,Sample_Size,Data_P90,Data_P95,Data_P99,Parameters
EGLL,London Heathrow,positive,Log-Normal,0.020838297739935008,2.2722100949278245e-183,3951714.7761293817,3951748.0517243636,46.067296701367376,60.07905061295158,97.80993582551632,484981,44.21666666666667,56.96666666666667,97.5200000000002,"(np.float64(0.6798300880528034), -3.946421893598616, np.float64(20.927415086713605))"
EGLL,London Heathrow,positive,Gamma,0.9384756760849313,0.0,11449958.285615683,11449991.561210664,0.21645980011562377,0.8208569374705954,3.700921746819193,484981,44.21666666666667,56.96666666666667,97.5200000000002,"(np.float64(0.043413056434593686), np.float64(0.016666666666666663), np.float64(3.6971423227682774))"
EGLL,London Heathrow,positive,Weibull,0.032196738877472986,0.0,3957869.501145068,3957902.77674005,47.77764040450041,59.483641543358694,85.0972057842476,484981,44.21666666666667,56.96666666666667,97.5200000000002,"(np.float64(1.2006021463109566), np.float64(0.010512047193492946), np.float64(23.8470198506923))"
EGLL,London Heathrow,positive,Log-Logistic,0.022657295023020788,1.0480269851239862e-216,3960027.7612624275,3960061.0368574094,46.9024448364225,65.1152671974906,132.6003950904116,484981,44.21666666666667,56.96666666666667,97.5200000000002,"(np.float64(2.3908481565470154), np.float64(-2.7399452297741815), np.float64(19.802940112445082))"
EGLL,London Heathrow,positive,Burr XII,0.015384771551107346,3.849571280421328e-100,3940544.150346328,3940588.5178063037,45.62859187950511,58.527941100413386,92.97310254842822,484981,44.21666666666667,56.96666666666667,97.5200000000002,"(np.float64(1.4860867294018052), np.float64(3.673700585815582), np.float64(-0.1755365321805647), np.float64(50.24318225914179))"
EGLL,London Heathrow,positive,Generalized Gamma,0.41738358156725025,0.0,4483661.9812312,4483706.348691175,51.60173289319149,92.52833756246959,246.92048764273454,484981,44.21666666666667,56.96666666666667,97.5200000000002,"(np.float64(1.7110099640757506), np.float64(0.3622139162628877), np.float64(0.016666666666666663), np.float64(1.6845520473761046))"
EGLL,London Heathrow,positive,Exponential,0.09596296027832246,0.0,3984231.0104338485,3984253.194163836,51.519863913495946,67.0238711573901,103.02306116032521,484981,44.21666666666667,56.96666666666667,97.5200000000002,"(0.016666666666666666, 22.367554364672706)"
EGLL,London Heathrow,positive,Lomax,0.09582083926800672,0.0,3984233.152748573,3984266.428343555,51.54777325019771,67.0601820424504,103.07887983807655,484981,44.21666666666667,56.96666666666667,97.5200000000002,"(np.float64(27339087779.099335), np.float64(0.016666666658939844), np.float64(611839905708.017))"
EGLL,London Heathrow,positive,Inverse Gaussian,0.022122465855554885,1.2926695770432764e-206,3954234.5494362833,3954267.825031265,46.74492375205969,60.266960262916996,93.39408087879677,484981,44.21666666666667,56.96666666666667,97.5200000000002,"(np.float64(0.5013392712298335), np.float64(-5.085889339691054), np.float64(54.788820291684246))"
EGLL,London Heathrow,positive,Beta,0.025330757902000123,9.159888614926781e-271,-3099251.825507923,-3099207.4580479474,47.88572706655639,59.90370178781126,87.10825116458383,484981,44.21666666666667,56.96666666666667,97.5200000000002,"(np.float64(1.4442326434769404), np.float64(4204191474593.168), np.float64(0.0004402863779520568), np.float64(45607295232.418335))"
EGLL,London Heathrow,positive,Pareto,0.09596296752132816,0.0,3984233.0124647575,3984266.2880597394,51.519864082336426,67.02387189865112,103.02306413650513,484981,44.21666666666667,56.96666666666667,97.5200000000002,"(np.float64(48004436.542924695), np.float64(-1073741823.9833333), 1073741824.0)"
EGLL,London Heathrow,positive,Chi-Square,0.7798629077105483,0.0,7047113.366979318,7047146.642574299,5.101804048956232,8.03173892924241,15.722230481793826,484981,44.21666666666667,56.96666666666667,97.5200000000002,"(np.float64(0.5549782310686715), np.float64(0.016666666666666663), np.float64(3.080105790001288))"
EGLL,London Heathrow,positive,F-Distribution,0.022065881036956336,1.4622412099280356e-205,3945187.02811085,3945231.395570826,46.49260067658556,59.62715237374149,92.73065293741513,484981,44.21666666666667,56.96666666666667,97.5200000000002,"(np.float64(3.591638919355001), np.float64(21.594931021241706), np.float64(-0.41844736778956715), np.float64(20.644852175239397))"
EGLL,London Heathrow,positive,T-Distribution,0.10894478996814853,0.0,4096740.862865029,4096774.1384600108,36.789655735194025,45.25394094850781,71.87478353738578,484981,44.21666666666667,56.96666666666667,97.5200000000002,"(np.float64(2.837297135999444), np.float64(17.915831107453755), np.float64(11.346377572646496))"
EGLL,London Heathrow,positive,Normal,0.14148917867070593,0.0,4321653.570371814,4321675.754101802,49.08296044659012,56.65168208628753,70.84934514192861,484981,44.21666666666667,56.96666666666667,97.5200000000002,"(np.float64(22.384221031339372), np.float64(20.83313706062621))"
EGLL,London Heathrow,positive,Uniform,0.9260248014763294,0.0,7049633.539080437,7049655.722810425,1290.2566666666667,1361.9366666666665,1419.2806666666665,484981,44.21666666666667,56.96666666666667,97.5200000000002,"(np.float64(0.016666666666666666), np.float64(1433.6))"
EGLL,London Heathrow,positive,Laplace,0.12962695175302805,0.0,4136660.298403857,4136682.4821338444,38.745934472318595,47.81710303492949,68.87970417391475,484981,44.21666666666667,56.96666666666667,97.5200000000002,"(np.float64(17.683333333333334), np.float64(13.086929900346613))"
EGLL,London Heathrow,positive,Logistic,0.11139137124488047,0.0,4152112.8869420225,4152135.07067201,40.337384184767274,47.386847889099684,62.95990812298122,484981,44.21666666666667,56.96666666666667,97.5200000000002,"(np.float64(19.608052857293448), np.float64(9.434325258005623))"
EGLL,London Heathrow,negative,Log-Normal,0.03796420312866533,1.9121297676822666e-94,450595.289447524,450622.9679763957,16.881894425098817,24.15456800011422,47.00897864525847,75070,15.266666666666667,19.69250000000005,34.18333333333333,"(np.float64(0.9632012821350838), -0.47646141544286763, np.float64(5.051483103570579))"
EGLL,London Heathrow,negative,Gamma,0.9730970511974802,0.0,1358918.9802592464,1358946.658788118,0.01666669296555035,0.016938528397160056,0.36654307506343997,75070,15.266666666666667,19.69250000000005,34.18333333333333,"(np.float64(0.005849256270168081), np.float64(0.016666666666666663), np.float64(3.099725966399986))"
EGLL,London Heathrow,negative,Weibull,0.4375974873636494,0.0,524507.6651992236,524535.3437280953,11.95303070836043,22.189310200302966,61.00794752998848,75070,15.266666666666667,19.69250000000005,34.18333333333333,"(np.float64(0.42494610906154984), np.float64(0.016666666666666663), np.float64(1.6768405328761045))"
EGLL,London Heathrow,negative,Log-Logistic,0.037136220287347754,2.1820069503166554e-90,451333.8266869787,451361.50521585037,17.860354414920458,27.986421245072318,75.09938811373088,75070,15.266666666666667,19.69250000000005,34.18333333333333,"(np.float64(1.6810659188945416), np.float64(-0.23185374166570388), np.float64(4.896099517311562))"
EGLL,London Heathrow,negative,Burr XII,0.023140697843332725,2.3634214038030286e-35,446841.6888278356,446878.5935329979,16.266836397019695,22.43035395809874,41.09280213816859,75070,15.266666666666667,19.69250000000005,34.18333333333333,"(np.float64(1.1899033077072747), np.float64(3.2902476248681083), np.float64(0.008546284218972178), np.float64(16.077525224826633))"
EGLL,London Heathrow,negative,Generalized Gamma,0.03625766721120122,3.516108918444136e-86,450498.7581264467,450535.66283160896,17.342856436456636,24.335381843040306,44.2523734774176,75070,15.266666666666667,19.69250000000005,34.18333333333333,"(np.float64(7.121649735582817), np.float64(0.3454942477669492), np.float64(-0.11386238191681425), np.float64(0.01838348596588798))"
EGLL,London Heathrow,negative,Exponential,0.05714450391928505,1.5989867008438296e-213,462381.42922183755,462399.8815744187,18.44103782440757,23.987326194133882,36.865408982148466,75070,15.266666666666667,19.69250000000005,34.18333333333333,"(0.016666666666666666, 8.0016027263443)"
EGLL,London Heathrow,negative,Lomax,0.043824568555316246,1.0069265704569749e-125,448514.79010672914,448542.4686356008,17.36710086355614,24.075001909015462,43.0871498079437,75070,15.266666666666667,19.69250000000005,34.18333333333333,"(np.float64(5.849272101986257), np.float64(0.01666666666564668), np.float64(35.96791201299342))"
EGLL,London Heathrow,negative,Inverse Gaussian,0.04435425641954549,9.008916994775534e-129,455532.8782523731,455560.55678124476,18.96264024015183,27.247174844936957,50.09085030770614,75070,15.266666666666667,19.69250000000005,34.18333333333333,"(np.float64(1.3542808246270641), np.float64(-0.7507625841686992), np.float64(6.475070800997601))"
EGLL,London Heathrow,negative,Beta,0.06596218114864383,1.9968513136207524e-284,-532950.1731382515,-532913.2684330893,20.053787606271026,26.457904794819843,41.494351752161286,75070,15.266666666666667,19.69250000000005,34.18333333333333,"(np.float64(0.8402568799445815), np.float64(566.7583603860578), np.float64(0.0004999999999999999), np.float64(7.398536110096124))"
EGLL,London Heathrow,negative,Pareto,0.043824730837512094,1.0047765562630593e-125,448514.7901066479,448542.46863551956,17.36708293496355,24.07497323137664,43.08708172194898,75070,15.266666666666667,19.69250000000005,34.18333333333333,"(np.float64(5.8492857248091035), np.float64(-35.951309515059336), 35.967976181726)"
EGLL,London Heathrow,negative,Chi-Square,0.31163223502674076,0.0,508568.35229357856,508596.03082245024,73.17164931325097,107.49768424794684,193.75416700906192,75070,15.266666666666667,19.69250000000005,34.18333333333333,"(np.float64(0.8056566185106271), np.float64(0.016666666666666663), np.float64(32.18688930796543))"
EGLL,London Heathrow,negative,F-Distribution,0.02874891484578218,2.4606155801726997e-54,447486.3116964436,447523.21640160587,16.66240987171749,23.07558885036651,41.98338973935746,75070,15.266666666666667,19.69250000000005,34.18333333333333,"(np.float64(2.4544417612743343), np.float64(9.556523682887846), np.float64(0.007352654608008043), np.float64(5.830515425993951))"
EGLL,London Heathrow,negative,T-Distribution,0.1513150112718365,0.0,484137.00871864054,484164.6872475122,11.875803253007433,15.252515059207507,27.107189763759383,75070,15.266666666666667,19.69250000000005,34.18333333333333,"(np.float64(2.3445301396922646), np.float64(5.070477786264192), np.float64(3.846043960813673))"
EGLL,London Heathrow,negative,Normal,0.36547378156051163,0.0,685556.0865914442,685574.5389440253,37.839439134725524,46.29332638515789,62.15141291624312,75070,15.266666666666667,19.69250000000005,34.18333333333333,"(np.float64(8.018269393010968), np.float64(23.26958239018805))"
EGLL,London Heathrow,negative,Uniform,0.9458660407856756,0.0,993396.9634435861,993415.4157961672,672.5716666666666,709.9358333333332,739.8271666666666,75070,15.266666666666667,19.69250000000005,34.18333333333333,"(np.float64(0.016666666666666666), np.float64(747.2833333333333))"
EGLL,London Heathrow,negative,Laplace,0.20727967275070475,0.0,515952.68327287096,515971.1356254521,14.249860762417491,18.21202513032991,27.4118858927474,75070,15.266666666666667,19.69250000000005,34.18333333333333,"(np.float64(5.05), np.float64(5.716194884774211))"
EGLL,London Heathrow,negative,Logistic,0.186821923884351,0.0,529266.7202047694,529285.1725573505,15.177522373542644,18.265949751346486,25.088634085893723,75070,15.266666666666667,19.69250000000005,34.18333333333333,"(np.float64(6.095833740123415), np.float64(4.13325461907463))"
LFPG,Paris Charles de Gaulle,positive,Log-Normal,0.024254780034817014,1.6610098112948348e-209,3028196.7218146613,3028229.4869887056,33.006818982162514,45.792026179871264,83.99322518656541,409104,31.583333333333332,42.68333333333333,77.31616666666619,"(np.float64(0.8710857628070802), -1.3369702271306416, np.float64(11.246757560078875))"
LFPG,Paris Charles de Gaulle,positive,Gamma,0.9289756610886126,0.0,8098814.857175573,8098847.622349617,0.08982513695510633,0.4603544567284616,2.7827029787913897,409104,31.583333333333332,42.68333333333333,77.31616666666619,"(np.float64(0.03177969764798724), np.float64(0.016666666666666663), np.float64(3.4249596233834243))"
LFPG,Paris Charles de Gaulle,positive,Weibull,0.02874147057088594,5.0098672314502756e-294,3026390.0257023387,3026422.790876383,33.893884857831864,43.77704849121607,66.50343299657438,409104,31.583333333333332,42.68333333333333,77.31616666666619,"(np.float64(1.0280190906655755), np.float64(0.0163211276338849), np.float64(15.051120144006486))"
LFPG,Paris Charles de Gaulle,positive,Log-Logistic,0.025641942604592377,4.150858852034717e-234,3036931.8276327294,3036964.5928067737,34.72480316280241,52.59650802421676,130.7333147303006,409104,31.583333333333332,42.68333333333333,77.31616666666619,"(np.float64(1.828059389923986), np.float64(-0.6695175228852961), np.float64(10.639863067919322))"
LFPG,Paris Charles de Gaulle,positive,Burr XII,0.013064435240952577,4.4176153711507805e-61,3014491.500452119,3014535.1873508445,32.48338272078122,43.46070722667452,74.19465423682173,409104,31.583333333333332,42.68333333333333,77.31616666666619,"(np.float64(1.220815194982752), np.float64(4.151367480681136), np.float64(0.004706474555943179), np.float64(41.50195194037647))"
LFPG,Paris Charles de Gaulle,positive,Generalized Gamma,0.02081050293024267,2.4506812246965546e-154,3019933.5535892276,3019977.240487953,33.50293661333359,44.40107357391845,71.57294989925838,409104,31.583333333333332,42.68333333333333,77.31616666666619,"(np.float64(2.085085239796254), np.float64(0.6934841417163518), np.float64(-0.029101178956007914), np.float64(4.516744460537559))"
LFPG,Paris Charles de Gaulle,positive,Exponential,0.0360279070834611,0.0,3026926.632843,3026948.476292363,34.259803819711784,44.56801524841405,68.50294097275689,409104,31.583333333333332,42.68333333333333,77.31616666666619,"(0.016666666666666666, 14.871605508623722)"
LFPG,Paris Charles de Gaulle,positive,Lomax,0.04682926100291718,0.0,3024353.6894278494,3024386.4546018937,34.46261369992669,45.72141866755579,73.59145002698926,409104,31.583333333333332,42.68333333333333,77.31616666666619,"(np.float64(18.063974417560704), np.float64(0.01666666666665308), np.float64(253.374186869724))"
LFPG,Paris Charles de Gaulle,positive,Inverse Gaussian,0.024836395135478806,1.1794273286637761e-219,3030123.17330812,3030155.9384821644,33.421425023917756,45.425787482439844,76.58825322922559,409104,31.583333333333332,42.68333333333333,77.31616666666619,"(np.float64(0.8539502177380311), np.float64(-2.193381016249361), np.float64(20.003093072370593))"
LFPG,Paris Charles de Gaulle,positive,Beta,0.06405752775442691,0.0,-2796121.9901915025,-2796078.303292777,27.174465480064615,32.58493603978764,44.27147420750158,409104,31.583333333333332,42.68333333333333,77.31616666666619,"(np.float64(3.2073162210514194), np.float64(18276400639846.6), np.float64(-0.002316812925462839), np.float64(69133384564.36896))"
LFPG,Paris Charles de Gaulle,positive,Pareto,0.04682925262651638,0.0,3024353.6894278475,3024386.454601892,34.462616125883414,45.72142243531056,73.59145818521887,409104,31.583333333333332,42.68333333333333,77.31616666666619,"(np.float64(18.063963637504163), np.float64(-253.35737699959782), np.float64(253.37404366626447))"
LFPG,Paris Charles de Gaulle,positive,Chi-Square,0.6513430310073832,0.0,4580883.8962083105,4580916.661382355,5.598872779775363,8.476473052418196,15.848609218887761,409104,31.583333333333332,42.68333333333333,77.31616666666619,"(np.float64(0.6762095698841604), np.float64(0.016666666666666663), np.float64(2.843958025732306))"
LFPG,Paris Charles de Gaulle,positive,F-Distribution,0.018382773387952744,1.6103249343658544e-120,3016204.8492149683,3016248.536113694,32.9703343130877,44.03731612065963,73.68778971646898,409104,31.583333333333332,42.68333333333333,77.31616666666619,"(np.float64(2.571035085253504), np.float64(15.179870065924977), np.float64(-0.0031996052660766463), np.float64(12.882049476281505))"
LFPG,Paris Charles de Gaulle,positive,T-Distribution,0.14400465114221878,0.0,3205314.36099392,3205347.126167964,23.932438912686955,30.860328638816565,56.03667154733229,409104,31.583333333333332,42.68333333333333,77.31616666666619,"(np.float64(2.2224184595758323), np.float64(10.410270395831237), np.float64(7.490489783846039))"
LFPG,Paris Charles de Gaulle,positive,Normal,0.18929757358188076,0.0,3473846.418947906,3473868.262397269,36.533922179815846,42.67016318529889,54.180730804421884,409104,31.583333333333332,42.68333333333333,77.31616666666619,"(np.float64(14.888272175290389), np.float64(16.890190442962826))"
LFPG,Paris Charles de Gaulle,positive,Uniform,0.9386654291012757,0.0,5948622.676067561,5948644.519516923,1293.3016666666667,1365.1508333333334,1422.6301666666666,409104,31.583333333333332,42.68333333333333,77.31616666666619,"(np.float64(0.016666666666666666), np.float64(1436.9833333333333))"
LFPG,Paris Charles de Gaulle,positive,Laplace,0.17179580359740262,0.0,3253905.8224489447,3253927.6658983077,26.29355067301201,33.095462716622535,48.88901338963454,409104,31.583333333333332,42.68333333333333,77.31616666666619,"(np.float64(10.5), np.float64(9.81308477387983))"
LFPG,Paris Charles de Gaulle,positive,Logistic,0.14956482132229584,0.0,3284639.3458399284,3284661.1892892914,28.010144536185898,33.32547841410789,45.06765031765262,409104,31.583333333333332,42.68333333333333,77.31616666666619,"(np.float64(12.380116254193942), np.float64(7.113532427777978))"
LFPG,Paris Charles de Gaulle,negative,Log-Normal,0.035358602486102786,5.240302176662375e-188,1022819.5431371473,1022849.7207234963,15.516283970094792,21.273018953826497,38.10472866775681,172680,14.75,18.75,29.616666666666667,"(np.float64(0.8313578379666455), -0.8099123919127419, np.float64(5.625686683727336))"
LFPG,Paris Charles de Gaulle,negative,Gamma,0.9855538805894634,0.0,3326840.357202367,3326870.534788716,0.01666666666666669,0.016666677964210556,0.05955919481811528,172680,14.75,18.75,29.616666666666667,"(np.float64(0.0027249272349824626), np.float64(0.016666666666666663), np.float64(3.0042469040820183))"
LFPG,Paris Charles de Gaulle,negative,Weibull,0.6445950162646488,0.0,1425492.613902926,1425522.791489275,6.197757458108909,16.310824490306853,79.4278069297296,172680,14.75,18.75,29.616666666666667,"(np.float64(0.2714877055319011), np.float64(0.016666666666666663), np.float64(0.28633664976308193))"
LFPG,Paris Charles de Gaulle,negative,Log-Logistic,0.03401098289916446,5.606354646533335e-174,1028141.3223120952,1028171.4998984442,16.625329644595688,24.933478199027746,60.50720910912386,172680,14.75,18.75,29.616666666666667,"(np.float64(1.8835668484931243), np.float64(-0.43758935980166846), np.float64(5.314209922029365))"
LFPG,Paris Charles de Gaulle,negative,Burr XII,0.019422724394279944,5.116225080688304e-57,1013460.8283557546,1013501.0651375533,15.303706762373242,20.08135761155193,32.527089214457604,172680,14.75,18.75,29.616666666666667,"(np.float64(1.1902751570762224), np.float64(6.149801406611818), np.float64(0.008150208266603388), np.float64(29.68744078721425))"
LFPG,Paris Charles de Gaulle,negative,Generalized Gamma,0.029809779206109777,9.627434831170779e-134,1018701.3250516511,1018741.5618334498,15.952404742783283,21.154921129505734,34.1597811494827,172680,14.75,18.75,29.616666666666667,"(np.float64(2.157487463880819), np.float64(0.6825669853257318), np.float64(-0.02051540371057594), np.float64(2.0052327655324853))"
LFPG,Paris Charles de Gaulle,negative,Exponential,0.03275000305080933,2.4094296128194994e-161,1022845.8597477456,1022865.978138645,16.39077000787996,21.319866265686972,32.76487334909325,172680,14.75,18.75,29.616666666666667,"(0.016666666666666666, 7.111182727202532)"
LFPG,Paris Charles de Gaulle,negative,Lomax,0.04672188399175481,0.0,1017850.930330869,1017881.107917218,16.61151126580879,22.12839449798689,35.96880601083707,172680,14.75,18.75,29.616666666666667,"(np.float64(14.95405969299712), np.float64(0.016666666666655547), np.float64(99.69007682538188))"
LFPG,Paris Charles de Gaulle,negative,Inverse Gaussian,0.034872297933132734,6.997295275049897e-183,1026131.7165547435,1026161.8941410924,15.968723625163669,21.61427397408661,36.19093620284663,172680,14.75,18.75,29.616666666666667,"(np.float64(0.8159516210215727), np.float64(-1.149956581722015), np.float64(10.144977092206506))"
LFPG,Paris Charles de Gaulle,negative,Beta,0.022747178945242363,4.750431446574131e-78,-1249557.5456800747,-1249517.308898276,16.460017206460925,21.14720590047024,31.97484004850579,172680,14.75,18.75,29.616666666666667,"(np.float64(1.0729061857231543), np.float64(27568.133432863608), np.float64(0.0004980163238431467), np.float64(254.1295766834665))"
LFPG,Paris Charles de Gaulle,negative,Pareto,0.050583078258621406,0.0,1017802.0087832568,1017832.1863696057,16.319945212312803,21.703231926149087,35.13626686187678,172680,14.75,18.75,29.616666666666667,"(np.float64(16.061733665677334), np.float64(-105.75027816708885), 105.76694483375552)"
LFPG,Paris Charles de Gaulle,negative,Chi-Square,0.0470776225945459,0.0,1022949.6516380858,1022979.8292244348,16.832750210378887,22.078500033403056,34.328155142373745,172680,14.75,18.75,29.616666666666667,"(np.float64(1.8521796194464613), np.float64(0.016666666666666663), np.float64(3.8692449721093696))"
LFPG,Paris Charles de Gaulle,negative,F-Distribution,0.026483234988478377,1.2058429861197983e-105,1014766.8381635894,1014807.074945388,15.589646444727384,20.583845393978944,33.415826699215145,172680,14.75,18.75,29.616666666666667,"(np.float64(2.4812529868996727), np.float64(20.806453666157026), np.float64(0.005134804188278745), np.float64(6.328276208855162))"
LFPG,Paris Charles de Gaulle,negative,T-Distribution,0.13495241181487608,0.0,1091447.3126397654,1091477.4902261144,11.989546268193218,14.842193823622011,23.51287267424625,172680,14.75,18.75,29.616666666666667,"(np.float64(3.0340573626831207), np.float64(5.42778553294785), np.float64(4.018729591019822))"
LFPG,Paris Charles de Gaulle,negative,Normal,0.28355044360875725,0.0,1360257.193768798,1360277.3121596973,23.051189323079328,27.565234934896782,36.03283377989033,172680,14.75,18.75,29.616666666666667,"(np.float64(7.127849393869199), np.float64(12.425048166082528))"
LFPG,Paris Charles de Gaulle,negative,Uniform,0.9489204314026575,0.0,2271606.085730971,2271626.20412187,646.8766666666667,682.8133333333333,711.5626666666667,172680,14.75,18.75,29.616666666666667,"(np.float64(0.016666666666666666), np.float64(718.7333333333333))"
LFPG,Paris Charles de Gaulle,negative,Laplace,0.16409952122315397,0.0,1117909.2723203537,1117929.390711253,12.769135524993168,16.014628875219152,23.550431066878986,172680,14.75,18.75,29.616666666666667,"(np.float64(5.233333333333333), np.float64(4.682257161609142))"
LFPG,Paris Charles de Gaulle,negative,Logistic,0.14310930866379976,0.0,1124965.1900905753,1124985.3084814746,13.42898854626814,15.942674417153551,21.495689953966306,172680,14.75,18.75,29.616666666666667,"(np.float64(6.037358564720788), np.float64(3.3640757789577025))"
EHAM,Amsterdam Schiphol,positive,Log-Normal,0.02300789471004272,7.334778449023092e-210,3460343.916760281,3460377.0037258524,36.411997975434765,50.35961234158202,91.86447635916896,455426,34.21666666666667,47.666666666666664,96.58333333333333,"(np.float64(0.8636240704492102), -1.4319176276874157, np.float64(12.51204070641744))"
EHAM,Amsterdam Schiphol,positive,Gamma,0.9044387436768188,0.0,8918075.558788989,8918108.645754559,0.39971219958063986,1.168710307323703,4.196342859081404,455426,34.21666666666667,47.666666666666664,96.58333333333333,"(np.float64(0.05927924171226723), np.float64(0.016666666666666663), np.float64(3.476896915779311))"
EHAM,Amsterdam Schiphol,positive,Weibull,0.0398531237938079,0.0,3470366.693697257,3470399.780662828,37.873791222966766,48.90324739831336,74.25516941559026,455426,34.21666666666667,47.666666666666664,96.58333333333333,"(np.float64(1.0292346472752323), np.float64(0.016289809403323884), np.float64(16.835449900166218))"
EHAM,Amsterdam Schiphol,positive,Log-Logistic,0.022591976598632796,2.342589074642568e-202,3466106.146093823,3466139.233059394,37.56824114820108,56.30920862764681,136.7435871941184,455426,34.21666666666667,47.666666666666664,96.58333333333333,"(np.float64(1.8771184617567478), np.float64(-0.7615326026940936), np.float64(11.889984278045091))"
EHAM,Amsterdam Schiphol,positive,Burr XII,0.015071780589353767,2.711695540640682e-90,3449004.8839084767,3449048.9998625712,35.68980608318942,48.343618462399455,86.22566217892214,455426,34.21666666666667,47.666666666666664,96.58333333333333,"(np.float64(1.3079576778751711), np.float64(2.974079867709353), np.float64(-0.017242418182940977), np.float64(31.69102288011496))"
EHAM,Amsterdam Schiphol,positive,Generalized Gamma,0.023485001128312477,1.2257727844282574e-218,3456822.605187687,3456866.7211417817,36.98800207089612,49.600903258303866,82.50051956354824,455426,34.21666666666667,47.666666666666664,96.58333333333333,"(np.float64(3.872160939912651), np.float64(0.5169396306772808), np.float64(-0.19759250206844706), np.float64(0.9920321205422804))"
EHAM,Amsterdam Schiphol,positive,Exponential,0.04259054546761526,0.0,3471033.778270522,3471055.8362475694,38.29113364497356,49.81289627349446,76.56560062328045,455426,34.21666666666667,47.666666666666664,96.58333333333333,"(0.016666666666666666, 16.622389806466913)"
EHAM,Amsterdam Schiphol,positive,Lomax,0.05724657404067279,0.0,3466759.7496797554,3466792.8366453266,38.56248633650678,51.44597481879087,83.90509451884066,455426,34.21666666666667,47.666666666666664,96.58333333333333,"(np.float64(14.178522116018325), np.float64(0.0166666666666598), np.float64(218.60033033081606))"
EHAM,Amsterdam Schiphol,positive,Inverse Gaussian,0.02433901970445257,8.464995227447857e-235,3464304.434520931,3464337.521486502,37.23425668330533,50.575631085401085,85.21023277184177,455426,34.21666666666667,47.666666666666664,96.58333333333333,"(np.float64(0.8542286829056016), np.float64(-2.3410439686919737), np.float64(22.218971683937646))"
EHAM,Amsterdam Schiphol,positive,Beta,0.43039233373985025,0.0,-2356633.576848544,-2356589.4608944496,44.794380377959584,74.08338003415003,151.79166712447952,455426,34.21666666666667,47.666666666666664,96.58333333333333,"(np.float64(0.2141407354486642), np.float64(31.501786288099417), np.float64(0.0004999999999999999), np.float64(2.0098670600333195))"
EHAM,Amsterdam Schiphol,positive,Pareto,0.05724474940074986,0.0,3466759.749636528,3466792.8366020992,38.56289334985169,51.44657320204689,83.90628543501347,455426,34.21666666666667,47.666666666666664,96.58333333333333,"(np.float64(14.177934643598949), np.float64(-218.57615896611262), np.float64(218.59282563277927))"
EHAM,Amsterdam Schiphol,positive,Chi-Square,0.6829197028914044,0.0,5470773.010623225,5470806.097588796,5.4795499864809285,8.35504588367477,15.754513170435008,455426,34.21666666666667,47.666666666666664,96.58333333333333,"(np.float64(0.6510761506734397), np.float64(0.016666666666666663), np.float64(2.8750602615461656))"
EHAM,Amsterdam Schiphol,positive,F-Distribution,0.021068770744196497,4.823315956935659e-176,3451775.375414214,3451819.4913683087,36.36363860144153,49.06341124558204,84.78115427853453,455426,34.21666666666667,47.666666666666664,96.58333333333333,"(np.float64(2.8545463809048055), np.float64(11.488424277787503), np.float64(-0.046660530929248795), np.float64(13.712420020755967))"
EHAM,Amsterdam Schiphol,positive,T-Distribution,0.14062889144843282,0.0,3647801.603308576,3647834.6902741473,26.01272908271443,33.870135440393454,63.92140021704945,455426,34.21666666666667,47.666666666666664,96.58333333333333,"(np.float64(2.062601920111334), np.float64(11.389372058672965), np.float64(7.859209926172138))"
EHAM,Amsterdam Schiphol,positive,Normal,0.19237087355737592,0.0,3980317.526328156,3980339.584305203,41.147373233034145,48.09514048631724,61.12799638284801,455426,34.21666666666667,47.666666666666664,96.58333333333333,"(np.float64(16.63905647313358), np.float64(19.123941181005588))"
EHAM,Amsterdam Schiphol,positive,Uniform,0.9140551490252705,0.0,6352679.461075176,6352701.519052223,962.0716666666667,1015.5191666666666,1058.2771666666667,455426,34.21666666666667,47.666666666666664,96.58333333333333,"(np.float64(0.016666666666666666), np.float64(1068.95))"
EHAM,Amsterdam Schiphol,positive,Laplace,0.17116656624365287,0.0,3715327.7753139054,3715349.8332909527,29.15776731400515,36.69077433771617,54.18187498505465,455426,34.21666666666667,47.666666666666664,96.58333333333333,"(np.float64(11.666666666666666), np.float64(10.867831876089639))"
EHAM,Amsterdam Schiphol,positive,Logistic,0.15064397788321812,0.0,3761378.2289114003,3761400.2868884476,31.01129192021938,36.90915438795007,49.93819763342023,455426,34.21666666666667,47.666666666666664,96.58333333333333,"(np.float64(13.668306645704817), np.float64(7.893132751837383))"
EHAM,Amsterdam Schiphol,negative,Log-Normal,0.03697692511860995,1.5353765577139781e-167,826178.2173401504,826207.7797068633,15.409696310312016,21.524081373557916,39.97497573006937,140663,14.45,18.433333333333334,29.25,"(np.float64(0.8891806072866388), -0.6249989123057647, np.float64(5.130607260973952))"
EHAM,Amsterdam Schiphol,negative,Gamma,0.9825838205770805,0.0,2616231.2918481994,2616260.8542149123,0.01666666666669478,0.016667000980033674,0.10241007019734838,140663,14.45,18.433333333333334,29.25,"(np.float64(0.00331880162544682), np.float64(0.016666666666666663), np.float64(3.0607790392806096))"
EHAM,Amsterdam Schiphol,negative,Weibull,0.579681480212422,0.0,1083899.0791338622,1083928.6415005752,8.47563895378,20.219930074234277,83.81476228001299,140663,14.45,18.433333333333334,29.25,"(np.float64(0.3022642776762181), np.float64(0.016666666666666663), np.float64(0.5357677432835422))"
EHAM,Amsterdam Schiphol,negative,Log-Logistic,0.03641954640935052,1.5404019867295388e-162,829770.102627952,829799.664994665,16.55663781545224,25.397919008902253,64.91179403989726,140663,14.45,18.433333333333334,29.25,"(np.float64(1.7731577614598488), np.float64(-0.31285832796464685), np.float64(4.885872747839046))"
EHAM,Amsterdam Schiphol,negative,Burr XII,0.02030562100626332,8.208402285600175e-51,818677.0117292185,818716.4282181691,15.081511508881393,20.156272417182432,34.05996103058071,140663,14.45,18.433333333333334,29.25,"(np.float64(1.1725263499961769), np.float64(4.897342561920805), np.float64(0.009505811601385878), np.float64(23.2922908361937))"
EHAM,Amsterdam Schiphol,negative,Generalized Gamma,0.03128993581890521,4.427843626734592e-120,823833.2611785549,823872.6776675055,15.850884704575689,21.489171483692967,36.26808243644473,140663,14.45,18.433333333333334,29.25,"(np.float64(3.0089016883556146), np.float64(0.5524408861922308), np.float64(-0.03892742312906021), np.float64(0.7672639216046313))"
EHAM,Amsterdam Schiphol,negative,Exponential,0.029644329453239693,7.998319077345491e-108,830535.1859955278,830554.8942400031,16.23649503399747,21.119149897085574,32.45632340132827,140663,14.45,18.433333333333334,29.25,"(0.016666666666666666, 7.044181957349599)"
EHAM,Amsterdam Schiphol,negative,Lomax,0.04218217673166558,6.409258809680174e-218,821532.0543691609,821561.6167358739,16.109062659049293,21.74040086788731,36.45614833914218,140663,14.45,18.433333333333334,29.25,"(np.float64(9.81816869938682), np.float64(0.015572976336013573), np.float64(60.88975312351083))"
EHAM,Amsterdam Schiphol,negative,Inverse Gaussian,0.03548714249760854,2.4220382899745895e-154,830678.9333911748,830708.4957578877,16.172760603295465,22.361216110136304,38.71909464760956,140663,14.45,18.433333333333334,29.25,"(np.float64(0.9893793200259217), np.float64(-0.9379840949849154), np.float64(8.084690776949664))"
EHAM,Amsterdam Schiphol,negative,Beta,0.028823945405318074,5.833304847355756e-102,-1044187.405099839,-1044147.9886108884,16.575862323753764,21.467654232447185,32.83136133055351,140663,14.45,18.433333333333334,29.25,"(np.float64(0.9879227360608702), np.float64(2722.0644421914817), np.float64(0.0004999999999999999), np.float64(24.656188264880637))"
EHAM,Amsterdam Schiphol,negative,Pareto,0.04360280145993334,8.027172081747519e-233,821476.526293742,821506.088660455,15.995952486711282,21.56927774929421,36.09570035024796,140663,14.45,18.433333333333334,29.25,"(np.float64(10.03681055017028), np.float64(-61.95152345947748), 61.968190126144144)"
EHAM,Amsterdam Schiphol,negative,Chi-Square,0.029225160830213648,8.301936314173638e-105,830343.9218121294,830373.4841788424,16.224388844523556,21.128699588659217,32.525477536754146,140663,14.45,18.433333333333334,29.25,"(np.float64(1.9777748529443209), np.float64(0.016666666666661195), np.float64(3.549226996174056))"
EHAM,Amsterdam Schiphol,negative,F-Distribution,0.025665761493463002,6.298652887218458e-81,819683.6018046116,819723.0182935622,15.379054013616553,20.66000801628352,34.87185662629295,140663,14.45,18.433333333333334,29.25,"(np.float64(2.415470572771947), np.float64(14.981659125761986), np.float64(0.008126005201069313), np.float64(5.918793991984776))"
EHAM,Amsterdam Schiphol,negative,T-Distribution,0.14304098153522757,0.0,886303.5837751055,886333.1461418185,11.51449507743771,14.4364879096222,23.7500329280284,140663,14.45,18.433333333333334,29.25,"(np.float64(2.766935076758916), np.float64(5.07805601825028), np.float64(3.8410610052719347))"
EHAM,Amsterdam Schiphol,negative,Normal,0.31851370410047547,0.0,1159690.4099671873,1159710.1182116626,26.192584390603912,31.616165640991746,41.78990208071337,140663,14.45,18.433333333333334,29.25,"(np.float64(7.060848624016265), np.float64(14.928572740229566))"
EHAM,Amsterdam Schiphol,negative,Uniform,0.952751724326144,0.0,1874390.68835565,1874410.3966001254,704.4016666666666,743.5341666666666,774.8401666666666,140663,14.45,18.433333333333334,29.25,"(np.float64(0.016666666666666666), np.float64(782.65))"
EHAM,Amsterdam Schiphol,negative,Laplace,0.17997054160254267,0.0,917352.3855530131,917372.0937974884,12.634547494874804,15.958457845588107,23.676338673796245,140663,14.45,18.433333333333334,29.25,"(np.float64(4.916666666666667), np.float64(4.795388979333585))"
EHAM,Amsterdam Schiphol,negative,Logistic,0.15746051868210628,0.0,928082.7973102904,928102.5055547657,13.379832550896465,15.956997712567903,21.650246160773246,140663,14.45,18.433333333333334,29.25,"(np.float64(5.801538263193748), np.float64(3.44903036579455))"
EDDF,Frankfurt,positive,Log-Normal,0.025661755288905463,9.451259568323967e-179,2297726.046327912,2297757.9957750565,33.565810724090376,48.1125904360103,93.97353539877643,311706,32.05,44.15,82.81583333333353,"(np.float64(0.9690748214091435), -0.9049351801351045, np.float64(9.956162090093096))"
EDDF,Frankfurt,positive,Gamma,0.8789707547934253,0.0,5592399.270828128,5592431.220275273,0.4912965282188979,1.3197604011953177,4.395195754656966,311706,32.05,44.15,82.81583333333353,"(np.float64(0.06703231449101593), np.float64(0.016666666666666663), np.float64(3.3992376374733246))"
EDDF,Frankfurt,positive,Weibull,0.026468028424071588,3.910300816445574e-190,2293914.6281760437,2293946.5776231885,33.80275958303236,44.25036450541296,68.71613281477262,311706,32.05,44.15,82.81583333333353,"(np.float64(0.9766871002738914), np.float64(0.016666666666666663), np.float64(14.383892390787365))"
EDDF,Frankfurt,positive,Log-Logistic,0.02611237261020498,4.538665704001429e-185,2304570.1156475293,2304602.065094674,35.96034717665916,56.998973720908545,157.05877200386257,311706,32.05,44.15,82.81583333333353,"(np.float64(1.634819475439442), np.float64(-0.3489973326089878), np.float64(9.469333203702215))"
EDDF,Frankfurt,positive,Burr XII,0.010175419942738573,1.8399622399977703e-28,2286293.725323639,2286336.324586498,32.75763620322775,44.78092144596709,79.52613448374628,311706,32.05,44.15,82.81583333333353,"(np.float64(1.1359767154790255), np.float64(4.158872399908842), np.float64(0.012667099964404512), np.float64(42.70372550342745))"
EDDF,Frankfurt,positive,Generalized Gamma,0.017365130061246514,4.44865034683078e-82,2289456.3694545017,2289498.968717361,33.78580808785039,45.67214006621585,76.10746888433138,311706,32.05,44.15,82.81583333333353,"(np.float64(2.038167349722454), np.float64(0.6534845054867068), np.float64(-0.0011740184907929458), np.float64(4.134366248144069))"
EDDF,Frankfurt,positive,Exponential,0.029829733631400956,2.1528885440351187e-241,2295020.530802559,2295041.830433989,33.64646553758992,43.77004374588448,67.27626440851316,311706,32.05,44.15,82.81583333333353,"(0.016666666666666666, 14.605236077158175)"
EDDF,Frankfurt,positive,Lomax,0.029596192996201975,1.2360967203945523e-237,2289254.0220544417,2289285.9715015865,33.97459009092096,45.96795455609831,77.54394308506468,311706,32.05,44.15,82.81583333333353,"(np.float64(9.238729941798915), np.float64(0.016666666666648358), np.float64(119.97596766458778))"
EDDF,Frankfurt,positive,Inverse Gaussian,0.026138930642123415,1.9102797288171597e-185,2299099.116303387,2299131.065750532,33.791640053261226,47.195855983061094,83.02684707754176,311706,32.05,44.15,82.81583333333353,"(np.float64(1.0796381349572648), np.float64(-1.754525962616337), np.float64(15.168408139716547))"
EDDF,Frankfurt,positive,Beta,0.029382570526681362,3.1958843781518496e-234,-1884373.6129505518,-1884331.0136876923,34.21411663964204,44.469707916846616,68.23509822807607,311706,32.05,44.15,82.81583333333353,"(np.float64(0.9712261380801487), np.float64(276.4640569359377), np.float64(0.0004999999999999999), np.float64(5.110290032870343))"
EDDF,Frankfurt,positive,Pareto,0.029596178144492002,1.236774620290962e-237,2289254.0220544357,2289285.9715015804,33.97458789124644,45.96794938963393,77.54392546839094,311706,32.05,44.15,82.81583333333353,"(np.float64(9.238740657416516), np.float64(-119.95945044192703), 119.9761171085937)"
EDDF,Frankfurt,positive,Chi-Square,0.6239145992207377,0.0,3435244.3592528664,3435276.308700011,5.546605246876818,8.40165829799556,15.718410945986989,311706,32.05,44.15,82.81583333333353,"(np.float64(0.6743129398287151), np.float64(0.016666666666666663), np.float64(2.8240951948087227))"
EDDF,Frankfurt,positive,F-Distribution,0.013656764842575497,6.298443671743187e-51,2286887.8368281214,2286930.4360909807,33.09818145257492,45.152168357239745,78.84710807431169,311706,32.05,44.15,82.81583333333353,"(np.float64(2.3349446802861875), np.float64(12.19625892232333), np.float64(0.011247649312534694), np.float64(12.174711016453607))"
EDDF,Frankfurt,positive,T-Distribution,0.16097303820510367,0.0,2454834.791484542,2454866.740931687,23.005607416810427,30.536815037179174,60.28712179670122,311706,32.05,44.15,82.81583333333353,"(np.float64(1.972362149002131), np.float64(9.406932456784624), np.float64(7.167333457262316))"
EDDF,Frankfurt,positive,Normal,0.20287032897632173,0.0,2671291.9332257207,2671313.2328571505,37.13463123537612,43.516676943695416,55.488333306002886,311706,32.05,44.15,82.81583333333353,"(np.float64(14.621902743824842), np.float64(17.56677538135924))"
EDDF,Frankfurt,positive,Uniform,0.9032747162427605,0.0,4178724.4078978784,4178745.7075293083,733.3666666666667,774.1083333333333,806.7016666666667,311706,32.05,44.15,82.81583333333353,"(np.float64(0.016666666666666666), np.float64(814.8333333333334))"
EDDF,Frankfurt,positive,Laplace,0.19272156649961542,0.0,2498555.819564129,2498577.119195559,25.957521745283238,32.973611138614274,49.26446621723084,311706,32.05,44.15,82.81583333333353,"(np.float64(9.666666666666666), np.float64(10.122077374192347))"
EDDF,Frankfurt,positive,Logistic,0.16728837337499267,0.0,2529099.603464305,2529120.903095735,28.028535998151153,33.53348352189062,45.694533350243546,311706,32.05,44.15,82.81583333333353,"(np.float64(11.840938480651943), np.float64(7.367293122637497))"
EDDF,Frankfurt,negative,Log-Normal,0.03764977003795433,0.0,1683343.985892058,1683375.4011439907,19.512398560750665,25.617384314595533,42.158968801846214,260863,18.7,22.7,32.70633333333341,"(np.float64(0.6912640991673622), -1.8720593225144861, np.float64(8.817812316179923))"
EDDF,Frankfurt,negative,Gamma,0.98460877538654,0.0,5406313.441775663,5406344.857027596,0.016666666666683243,0.016666931431313682,0.10157242239580534,260863,18.7,22.7,32.70633333333341,"(np.float64(0.0032597996288133715), np.float64(0.016666666666666663), np.float64(3.2066306416883705))"
EDDF,Frankfurt,negative,Weibull,0.6528514926977715,0.0,2336707.3037292208,2336738.718981154,8.804102338694332,23.1961706201368,113.10122181601396,260863,18.7,22.7,32.70633333333341,"(np.float64(0.271310351757287), np.float64(0.016666666666666663), np.float64(0.40625790565523195))"
EDDF,Frankfurt,negative,Log-Logistic,0.03686695652782236,1.708153447518446e-308,1693032.3460472575,1693063.7612991903,20.575091597706333,29.068534046244274,61.39907852055269,260863,18.7,22.7,32.70633333333341,"(np.float64(2.2759417291115396), np.float64(-1.280336365899926), np.float64(8.323109632297648))"
EDDF,Frankfurt,negative,Burr XII,0.026313339785055012,2.4286494452911007e-157,1668728.8921646974,1668770.7791672745,19.440334723983902,24.723186983016,37.63616207115417,260863,18.7,22.7,32.70633333333341,"(np.float64(1.2955744179992184), np.float64(7.6368213002649386), np.float64(-0.0202784121432636), np.float64(43.57693920110535))"
EDDF,Frankfurt,negative,Generalized Gamma,0.035851043394225846,9.582784334605022e-292,1677769.9190112215,1677811.8060137986,20.227473298327393,26.031833217431643,39.84365702204032,260863,18.7,22.7,32.70633333333341,"(np.float64(1.898535165008434), np.float64(0.8063393077286585), np.float64(-0.07197737539506613), np.float64(3.9564374171393855))"
EDDF,Frankfurt,negative,Exponential,0.067046323679752,0.0,1686323.657760467,1686344.6012617555,21.477433424042445,27.937767947960975,42.93820018141822,260863,18.7,22.7,32.70633333333341,"(0.016666666666666666, 9.320292580141043)"
EDDF,Frankfurt,negative,Lomax,0.07502577781874958,0.0,1684097.2251169719,1684128.6403689047,21.484225331684627,28.23328867190142,44.43909642060496,260863,18.7,22.7,32.70633333333341,"(np.float64(34.37347491881938), np.float64(0.0166666666666487), np.float64(309.8582837268374))"
EDDF,Frankfurt,negative,Inverse Gaussian,0.03746291541420532,1.545507e-318,1687199.028100448,1687230.4433523808,19.987117741927914,26.059409490571813,41.0855117818217,260863,18.7,22.7,32.70633333333341,"(np.float64(0.5537577534190024), np.float64(-2.1970430310519644), np.float64(20.828603898751993))"
EDDF,Frankfurt,negative,Beta,0.031376428758823016,1.5034306945752986e-223,-1885054.4994109534,-1885012.6124083763,19.606581716441013,24.55605429407962,35.782107067278744,260863,18.7,22.7,32.70633333333341,"(np.float64(1.4014969020849453), np.float64(3610951525569.079), np.float64(0.0004294977543627162), np.float64(25115309024.823257))"
EDDF,Frankfurt,negative,Pareto,0.07502555737378164,0.0,1684097.225116851,1684128.6403687838,21.484240237934955,28.233308140728695,44.43912661391687,260863,18.7,22.7,32.70633333333341,"(np.float64(34.37348949190567), np.float64(-309.84196803160546), 309.8586346982721)"
EDDF,Frankfurt,negative,Chi-Square,0.5616278979882603,0.0,2243481.6424149135,2243513.0576668466,5.863155490655929,8.551418950457059,15.279447946265538,260863,18.7,22.7,32.70633333333341,"(np.float64(0.8374382356884325), np.float64(0.016666666666666663), np.float64(2.492126047638175))"
EDDF,Frankfurt,negative,F-Distribution,0.035994751450900975,4.372030534937107e-294,1672694.1126664057,1672735.9996689828,19.91113123042502,25.631192895556005,39.613851232048575,260863,18.7,22.7,32.70633333333341,"(np.float64(2.843857803154387), np.float64(32.95641474318212), np.float64(-0.04831635941336346), np.float64(8.736526303628935))"
EDDF,Frankfurt,negative,T-Distribution,0.1102909861426771,0.0,1760141.7322501375,1760173.1475020703,16.370885249139278,19.532055513852747,27.716843341219764,260863,18.7,22.7,32.70633333333341,"(np.float64(4.494432955618583), np.float64(7.971918290790251), np.float64(5.594836534354912))"
EDDF,Frankfurt,negative,Normal,0.23214287514344617,0.0,2067796.975563686,2067817.9190649746,25.658774724709303,30.285782617680326,38.965279915564935,260863,18.7,22.7,32.70633333333341,"(np.float64(9.33695924680771), np.float64(12.735980288834943))"
EDDF,Frankfurt,negative,Uniform,0.9550879819174414,0.0,3565657.8815858644,3565678.825087153,836.3116666666667,882.7724999999999,919.9411666666666,260863,18.7,22.7,32.70633333333341,"(np.float64(0.016666666666666666), np.float64(929.2166666666667))"
EDDF,Frankfurt,negative,Laplace,0.13550058411506735,0.0,1794291.805331928,1794312.7488332165,16.724619968924877,20.69744754667653,29.922067515601398,260863,18.7,22.7,32.70633333333341,"(np.float64(7.5), np.float64(5.731578644729225))"
EDDF,Frankfurt,negative,Logistic,0.11693059310582794,0.0,1790351.9685555624,1790372.912056851,17.273187118135247,20.329402902610134,27.08092819525283,260863,18.7,22.7,32.70633333333341,"(np.float64(8.286218426360856), np.float64(4.090145715860162))"
LEMD,Madrid Barajas,positive,Log-Normal,0.027879211530024206,1.2128994255040377e-215,2299059.7499857037,2299091.7661998766,29.807237161262073,41.02979516899404,74.11674019689548,318721,28.183333333333334,37.63333333333333,68.8,"(np.float64(0.8466082893197447), -1.3559583144911806, np.float64(10.530392371828668))"
LEMD,Madrid Barajas,positive,Gamma,0.986499560229096,0.0,7543075.603442926,7543107.619657098,0.01666666666666808,0.016666749259253086,0.08744533330580824,318721,28.183333333333334,37.63333333333333,68.8,"(np.float64(0.0030235378249210084), np.float64(0.016666666666666663), np.float64(3.4213926582997565))"
LEMD,Madrid Barajas,positive,Weibull,0.6360109873796991,0.0,3033380.3551398753,3033412.371354048,13.40564550577119,34.393741968835094,160.49524023363418,318721,28.183333333333334,37.63333333333333,68.8,"(np.float64(0.27907525677542766), np.float64(0.016666666666666663), np.float64(0.6742693741301193))"
LEMD,Madrid Barajas,positive,Log-Logistic,0.027859231671527318,2.4673794004613935e-215,2305925.008656146,2305957.024870319,31.29226197972512,46.87206940971708,113.549569326894,318721,28.183333333333334,37.63333333333333,68.8,"(np.float64(1.884881212337004), np.float64(-0.7319268246569597), np.float64(9.98198209102754))"
LEMD,Madrid Barajas,positive,Burr XII,0.016150412846740347,1.2107823951310975e-72,2287644.101271615,2287686.7895571785,29.367776892361693,39.056285466045644,65.8623551397062,318721,28.183333333333334,37.63333333333333,68.8,"(np.float64(1.2387837013412057), np.float64(4.246841925870621), np.float64(0.0007819864186100068), np.float64(38.29493966563534))"
LEMD,Madrid Barajas,positive,Generalized Gamma,0.02399272699700422,8.165949340753845e-160,2293320.8723829547,2293363.5606685183,30.381414439193804,40.20515940748841,64.74266179051376,318721,28.183333333333334,37.63333333333333,68.8,"(np.float64(2.2508129332509794), np.float64(0.6760454284001044), np.float64(-0.04993068422949272), np.float64(3.5686042853093753))"
LEMD,Madrid Barajas,positive,Exponential,0.03935455930737594,0.0,2300125.6432831543,2300146.9874259364,31.278397290502397,40.6891159246442,62.540127914338115,318721,28.183333333333334,37.63333333333333,68.8,"(0.016666666666666666, 13.576797104677759)"
LEMD,Madrid Barajas,positive,Lomax,0.051373132708282254,0.0,2296979.657241255,2297011.673455428,31.4000898835671,41.63818358539894,66.94323165085947,318721,28.183333333333334,37.63333333333333,68.8,"(np.float64(18.499505031167423), np.float64(0.0166666666665189), np.float64(236.7754550889813))"
LEMD,Madrid Barajas,positive,Inverse Gaussian,0.02790073476882232,5.6408210118579924e-216,2301794.7835026756,2301826.7997168484,30.342525829671548,41.02805686230128,68.60807553914262,318721,28.183333333333334,37.63333333333333,68.8,"(np.float64(0.8135001102008896), np.float64(-2.105364949584195), np.float64(19.29789578088716))"
LEMD,Madrid Barajas,positive,Beta,0.12180815214252948,0.0,-2084923.3865049419,-2084880.6982193782,29.262893489682803,33.99447537494947,43.22963429476136,318721,28.183333333333334,37.63333333333333,68.8,"(np.float64(65.02642455537071), np.float64(17615288527169.86), np.float64(-0.054438265782868894), np.float64(17353674602.344166))"
LEMD,Madrid Barajas,positive,Pareto,0.05137312641009817,0.0,2296979.657241248,2297011.673455421,31.400089904050503,41.638183234451105,66.94322964695107,318721,28.183333333333334,37.63333333333333,68.8,"(np.float64(18.499513593497042), np.float64(-236.75890512784144), np.float64(236.7755717945081))"
LEMD,Madrid Barajas,positive,Chi-Square,0.6321504765333983,0.0,3386255.018067791,3386287.034281964,5.682751403544466,8.52751929468466,15.775366862622764,318721,28.183333333333334,37.63333333333333,68.8,"(np.float64(0.7097489291494061), np.float64(0.016666666666666663), np.float64(2.7704760903534478))"
LEMD,Madrid Barajas,positive,F-Distribution,0.02198545507048466,2.938462407569082e-134,2289444.6765710777,2289487.3648566413,29.867193748517764,39.709438171358116,65.82507213220724,318721,28.183333333333334,37.63333333333333,68.8,"(np.float64(2.6228827791701645), np.float64(16.07141655855838), np.float64(-0.009404235592075835), np.float64(11.830073231330433))"
LEMD,Madrid Barajas,positive,T-Distribution,0.13832989219068217,0.0,2429148.370660466,2429180.386874639,22.040329877544472,28.067385666850367,49.03091743499612,318721,28.183333333333334,37.63333333333333,68.8,"(np.float64(2.3796339005356666), np.float64(9.788677698025872), np.float64(6.961115793370727))"
LEMD,Madrid Barajas,positive,Normal,0.21820404606824562,0.0,2726967.2963548037,2726988.6404975858,35.9498421830505,42.287564816250494,54.17607846092476,318721,28.183333333333334,37.63333333333333,68.8,"(np.float64(13.593463771344426), np.float64(17.44477476581728))"
LEMD,Madrid Barajas,positive,Uniform,0.944729434218428,0.0,4645829.825620081,4645851.169762863,1316.7016666666666,1389.8508333333332,1448.3701666666666,318721,28.183333333333334,37.63333333333333,68.8,"(np.float64(0.016666666666666666), np.float64(1462.9833333333333))"
LEMD,Madrid Barajas,positive,Laplace,0.1658151908811493,0.0,2470173.499106276,2470194.843249058,24.06581420755009,30.209765968572263,44.47558017612235,318721,28.183333333333334,37.63333333333333,68.8,"(np.float64(9.8), np.float64(8.863848737087714))"
LEMD,Madrid Barajas,positive,Logistic,0.14513899177464606,0.0,2491814.529674879,2491835.873817661,25.44406001803347,30.22931384186522,40.80047913308378,318721,28.183333333333334,37.63333333333333,68.8,"(np.float64(11.372760957467081), np.float64(6.404124187262445))"
LEMD,Madrid Barajas,negative,Log-Normal,0.03445027061833228,3.675179501174846e-163,951651.6432149133,951681.5507131136,16.31490834568448,22.2911367735171,39.66075767721734,157813,15.633333333333333,19.833333333333332,31.25,"(np.float64(0.8204226576739658), -0.8955354996847859, np.float64(6.014074417355927))"
LEMD,Madrid Barajas,negative,Gamma,0.9814131942004338,0.0,2981606.642481205,2981636.5499794055,0.016666666668752484,0.01666936834816008,0.1462576773237192,157813,15.633333333333333,19.833333333333332,31.25,"(np.float64(0.003841578257647797), np.float64(0.016666666666666663), np.float64(3.017913961698091))"
LEMD,Madrid Barajas,negative,Weibull,0.6467064622068607,0.0,1319806.7373558062,1319836.6448540064,5.781201089407828,14.333701798092564,63.3188480368527,157813,15.633333333333333,19.833333333333332,31.25,"(np.float64(0.28926989054392827), np.float64(0.016666666666666663), np.float64(0.3225463477329038))"
LEMD,Madrid Barajas,negative,Log-Logistic,0.03392150291728058,3.3391129469547576e-158,957056.3661894648,957086.2736876651,17.542484995252938,26.258760327329536,63.44545561800175,157813,15.633333333333333,19.833333333333332,31.25,"(np.float64(1.8935283471807414), np.float64(-0.4733243178148443), np.float64(5.645525299432925))"
LEMD,Madrid Barajas,negative,Burr XII,0.017183459642749255,6.595580322382372e-41,942907.9838358329,942947.8605001,16.14639178188439,21.035819546460083,33.40581961306133,157813,15.633333333333333,19.833333333333332,31.25,"(np.float64(1.1748839776605549), np.float64(7.666240432869909), np.float64(0.010063672791004091), np.float64(39.401696350560854))"
LEMD,Madrid Barajas,negative,Generalized Gamma,0.03308157615019264,1.7456529484456103e-150,948194.2290036898,948234.1056679569,16.91256891774951,21.73818979538415,32.62828167746317,157813,15.633333333333333,19.833333333333332,31.25,"(np.float64(0.8454801732696555), np.float64(1.1216547640608663), np.float64(0.016666666666666663), np.float64(8.993334484514588))"
LEMD,Madrid Barajas,negative,Exponential,0.037530086957151376,1.443176996822811e-193,947718.1134803137,947738.0518124473,17.07572783300428,22.211016941938475,34.13478899934189,157813,15.633333333333333,19.833333333333332,31.25,"(0.016666666666666666, 7.408656130990477)"
LEMD,Madrid Barajas,negative,Lomax,0.04645606898036925,2.0705820571983112e-296,946324.4918231468,946354.3993213471,17.10400696254008,22.536446976229616,35.69504000396651,157813,15.633333333333333,19.833333333333332,31.25,"(np.float64(27.300732298409628), np.float64(0.016666662188710796), np.float64(194.17344419130416))"
LEMD,Madrid Barajas,negative,Inverse Gaussian,0.033242329707583895,6.021928847837609e-152,952622.9860915146,952652.8935897149,16.48958447577936,22.136815262780882,36.58274268759266,157813,15.633333333333333,19.833333333333332,31.25,"(np.float64(0.7528896577636435), np.float64(-1.307620558973153), np.float64(11.59924649758734))"
LEMD,Madrid Barajas,negative,Beta,0.017214928293328657,4.686464213970944e-41,-1127998.4192354758,-1127958.5425712087,16.75067775135162,21.41033901508299,32.13470312655786,157813,15.633333333333333,19.833333333333332,31.25,"(np.float64(1.1305187605438207), np.float64(45764.088897901325), np.float64(0.0004953592980575891), np.float64(415.03735101320194))"
LEMD,Madrid Barajas,negative,Pareto,0.046766209415916915,2.233948449088959e-300,946323.8202176865,946353.7277158868,17.103158581863113,22.544581978177803,35.74246099528463,157813,15.633333333333333,19.833333333333332,31.25,"(np.float64(26.471308983950422), np.float64(-187.99610520845087), np.float64(188.01277187511752))"
LEMD,Madrid Barajas,negative,Chi-Square,0.477028069334393,0.0,1179167.4538446548,1179197.361342855,5.868361557676804,8.435008446302266,14.799719185860107,157813,15.633333333333333,19.833333333333332,31.25,"(np.float64(0.9174957718723562), np.float64(0.016666666666666663), np.float64(2.3166607984521335))"
LEMD,Madrid Barajas,negative,F-Distribution,0.02336705393095545,2.753616073812124e-75,943845.4898345504,943885.3664988175,16.399385037462384,21.473278169967507,34.13279089563908,157813,15.633333333333333,19.833333333333332,31.25,"(np.float64(2.4396287626981925), np.float64(28.0941737321074), np.float64(0.007568610429591418), np.float64(6.844378051022263))"
LEMD,Madrid Barajas,negative,T-Distribution,0.13438459818955675,0.0,1014710.1708012992,1014740.0782994995,12.709410452534135,15.701173149328971,24.705218161908178,157813,15.633333333333333,19.833333333333332,31.25,"(np.float64(3.0961679214780835), np.float64(5.7655864987929775), np.float64(4.275465687431019))"
LEMD,Madrid Barajas,negative,Normal,0.22652867891438122,0.0,1170608.0673732723,1170628.0057054057,20.079226876252328,23.666432853910244,30.395434686246737,157813,15.633333333333333,19.833333333333332,31.25,"(np.float64(7.425322797657143), np.float64(9.87389381653001))"
LEMD,Madrid Barajas,negative,Uniform,0.9464374401207939,0.0,2074468.1691900934,2074488.1075222269,643.6816666666667,679.4408333333333,708.0481666666667,157813,15.633333333333333,19.833333333333332,31.25,"(np.float64(0.016666666666666666), np.float64(715.1833333333334))"
LEMD,Madrid Barajas,negative,Laplace,0.15960763872684314,0.0,1031544.4454100416,1031564.3837421752,13.308807293487641,16.657521656036188,24.432995616190496,157813,15.633333333333333,19.833333333333332,31.25,"(np.float64(5.533333333333333), np.float64(4.8311736042024425))"
LEMD,Madrid Barajas,negative,Logistic,0.13789526816314154,0.0,1034793.2862777566,1034813.2246098901,14.005589595488981,16.59924902421445,22.32893516826725,157813,15.633333333333333,19.833333333333332,31.25,"(np.float64(6.378793018660822), np.float64(3.471104708866137))"
LEBL,Barcelona,positive,Log-Normal,0.02643198751012038,1.1657313352310442e-152,1812814.7882029698,1812846.0855917314,30.413959402684256,42.44931276801571,78.76807136052831,250813,28.783333333333335,39.6,73.11466666666674,"(np.float64(0.889212242276499), -1.1468904484629279, np.float64(10.098087833769366))"
LEBL,Barcelona,positive,Gamma,0.865067942554714,0.0,4220062.1788324425,4220093.476221204,0.7318425432474649,1.7047414014750848,4.984615790307203,250813,28.783333333333335,39.6,73.11466666666674,"(np.float64(0.08560511471595053), np.float64(0.016666666666666663), np.float64(3.3845936073232767))"
LEBL,Barcelona,positive,Weibull,0.030924068763008128,8.225879318362811e-209,1811747.90654943,1811779.2039381915,31.242857934513093,40.51556530689077,61.95483477612197,250813,28.783333333333335,39.6,73.11466666666674,"(np.float64(1.0120758280622044), np.float64(0.016498803837646278), np.float64(13.697065284861196))"
LEBL,Barcelona,positive,Log-Logistic,0.026639516817613104,4.638474270428052e-155,1817872.597188121,1817903.8945768825,32.0242490618858,48.855005049252306,123.42268571910576,250813,28.783333333333335,39.6,73.11466666666674,"(np.float64(1.794528993640287), np.float64(-0.5638670821572747), np.float64(9.578738091272463))"
LEBL,Barcelona,positive,Burr XII,0.015316016895920825,1.5482579751677635e-51,1804273.3769139526,1804315.1067656348,29.885350975592182,40.23039036081906,69.61648232392253,250813,28.783333333333335,39.6,73.11466666666674,"(np.float64(1.209842093342109), np.float64(3.9851356604105095), np.float64(0.005381053947927359), np.float64(36.610349285612756))"
LEBL,Barcelona,positive,Generalized Gamma,0.022662563911667766,2.4778255335160835e-112,1807714.7177147195,1807756.4475664017,30.867094636125813,41.107459277121976,66.83699968402776,250813,28.783333333333335,39.6,73.11466666666674,"(np.float64(2.119763303327516), np.float64(0.6770433807775502), np.float64(-0.023418515002686116), np.float64(3.889882073109915))"
LEBL,Barcelona,positive,Exponential,0.03077093886444393,9.423959045862816e-207,1811804.6944771449,1811825.559402986,31.387797810097073,40.8314492821781,62.75892895352747,250813,28.783333333333335,39.6,73.11466666666674,"(0.016666666666666666, 13.624309146655076)"
LEBL,Barcelona,positive,Lomax,0.046998751016342766,0.0,1809791.8134613961,1809823.1108501577,31.278321581219664,41.676028460145,67.76880070180631,250813,28.783333333333335,39.6,73.11466666666674,"(np.float64(14.897850652204106), np.float64(0.013511922202785853), np.float64(187.05513814126988))"
LEBL,Barcelona,positive,Inverse Gaussian,0.026770738516525894,1.3772420681461703e-156,1814155.90468202,1814187.2020707815,30.810062316692758,42.0987943070106,71.57092005990708,250813,28.783333333333335,39.6,73.11466666666674,"(np.float64(0.8952854739181528), np.float64(-1.9318845212279918), np.float64(17.394298742710962))"
LEBL,Barcelona,positive,Beta,0.013175925804079447,2.9877521982007613e-38,-1275423.5870635877,-1275381.8572119055,28.724828920294936,36.6533310285937,54.841343575491294,250813,28.783333333333335,39.6,73.11466666666674,"(np.float64(1.1852496427208319), np.float64(1466643368016494.2), np.float64(0.000483365433788134), np.float64(33807675689921.86))"
LEBL,Barcelona,positive,Pareto,0.04459047305711866,0.0,1809642.3865888356,1809673.6839775972,31.612470665456186,42.14588690401402,68.63020700683495,250813,28.783333333333335,39.6,73.11466666666674,"(np.float64(14.539015764832971), np.float64(-184.1049282282606), np.float64(184.12159489492726))"
LEBL,Barcelona,positive,Chi-Square,0.6273467304960483,0.0,2671679.2228923356,2671710.5202810974,5.611067637946816,8.434090112099234,15.634114379846896,250813,28.783333333333335,39.6,73.11466666666674,"(np.float64(0.7031613504091265), np.float64(0.016666666666666663), np.float64(2.7570654077999333))"
LEBL,Barcelona,positive,F-Distribution,0.020382148281086088,6.075511310262322e-91,1805306.6820979468,1805348.411949629,30.335829759420033,40.75164618207691,69.04923470335831,250813,28.783333333333335,39.6,73.11466666666674,"(np.float64(2.5334568280023193), np.float64(14.008639484584766), np.float64(-0.00036406002717716724), np.float64(11.650046720597626))"
LEBL,Barcelona,positive,T-Distribution,0.14628800130892863,0.0,1922954.0383361303,1922985.3357248919,21.77090732521826,28.244717797762313,52.285249531112655,250813,28.783333333333335,39.6,73.11466666666674,"(np.float64(2.151978738248891), np.float64(9.386740575581653), np.float64(6.7734553839797345))"
LEBL,Barcelona,positive,Normal,0.190319885961243,0.0,2087953.973833206,2087974.8387590472,33.55644769955143,39.20220724968171,49.792713229648264,250813,28.783333333333335,39.6,73.11466666666674,"(np.float64(13.640975813321743), np.float64(15.540125283812927))"
LEBL,Barcelona,positive,Uniform,0.8681736566590204,0.0,3088628.7147797067,3088649.5797055475,424.9216666666667,448.5275,467.4121666666667,250813,28.783333333333335,39.6,73.11466666666674,"(np.float64(0.016666666666666666), np.float64(472.1166666666667))"
LEBL,Barcelona,positive,Laplace,0.17473313730255338,0.0,1955276.0597614953,1955296.9246873364,24.14393551496753,30.42920143129879,45.02313694626632,250813,28.783333333333335,39.6,73.11466666666674,"(np.float64(9.55), np.float64(9.067721968159544))"
LEBL,Barcelona,positive,Logistic,0.15322869914831722,0.0,1976387.179834369,1976408.0447602102,25.712918668241095,30.627678776855163,41.484938054534254,250813,28.783333333333335,39.6,73.11466666666674,"(np.float64(11.260799335546354), np.float64(6.577442962255413))"
LEBL,Barcelona,negative,Log-Normal,0.036167516733309535,9.090369779836941e-150,779672.6429038384,779702.0007710041,15.367873513437974,20.73548123407179,35.99826933317043,131394,14.783333333333333,18.5,27.95,"(np.float64(0.7802013229084342), -1.0117239385777417, np.float64(6.02651123753095))"
LEBL,Barcelona,negative,Gamma,0.9432611072091502,0.0,2056389.1722142189,2056418.5300813846,0.019899235010747657,0.09930314923515735,1.4373787741738853,131394,14.783333333333333,18.5,27.95,"(np.float64(0.016816182767217098), np.float64(0.016666666666666663), np.float64(2.984337238691397))"
LEBL,Barcelona,negative,Weibull,0.5305395399934296,0.0,975532.9987795374,975562.3566467031,8.361531626448514,16.128760370113856,47.226472127140866,131394,14.783333333333333,18.5,27.95,"(np.float64(0.39997985231030486), np.float64(0.016666666666666663), np.float64(1.037133058991568))"
LEBL,Barcelona,negative,Log-Logistic,0.03543430280785778,8.991365438551915e-144,784727.3612361101,784756.7191032758,16.526015433298962,24.367912986558192,56.86015229711827,131394,14.783333333333333,18.5,27.95,"(np.float64(1.9783765773413178), np.float64(-0.562019432670213), np.float64(5.628024608422567))"
LEBL,Barcelona,negative,Burr XII,0.019054309944351144,7.184311381509748e-42,771878.7184060705,771917.862228958,15.272057868675015,19.65913623355112,30.37417210250084,131394,14.783333333333333,18.5,27.95,"(np.float64(1.185407216672038), np.float64(9.961268806839254), np.float64(0.008818467617810865), np.float64(47.54400919873845))"
LEBL,Barcelona,negative,Generalized Gamma,0.02193297358083951,2.4395933889381565e-55,773481.571842575,773520.7156654625,15.605300612146527,20.02433581223779,30.238477309654524,131394,14.783333333333333,18.5,27.95,"(np.float64(1.226910817790035), np.float64(0.9707493031110292), np.float64(0.00995280879714815), np.float64(5.635951859010597))"
LEBL,Barcelona,negative,Exponential,0.04729350665563936,7.848539577030412e-256,775190.1093993867,775209.6813108304,16.198447591403603,21.06964903301265,32.38022851614054,131394,14.783333333333333,18.5,27.95,"(0.016666666666666666, 7.0276581629805515)"
LEBL,Barcelona,negative,Lomax,0.05003202335212509,2.778754999590256e-286,775096.7808274038,775126.1386945695,16.221832027477316,21.186488254042676,32.87109018400711,131394,14.783333333333333,18.5,27.95,"(np.float64(85.16857176948247), np.float64(0.016666666666655058), np.float64(591.3344843749719))"
LEBL,Barcelona,negative,Inverse Gaussian,0.03571197887046618,4.98680696022733e-146,779617.7964044977,779647.1542716634,15.4160734333763,20.43409721857344,33.08550679520366,131394,14.783333333333333,18.5,27.95,"(np.float64(0.6609143724375441), np.float64(-1.419443192781602), np.float64(12.806153501310582))"
LEBL,Barcelona,negative,Beta,0.020527646847491754,1.5819003372021145e-48,-858779.464676361,-858740.3208534734,15.959899740041905,20.383946083928002,30.551559614407534,131394,14.783333333333333,18.5,27.95,"(np.float64(1.1540678668751836), np.float64(474951.16733450495), np.float64(0.0004909924806471059), np.float64(5838.18484333718))"
LEBL,Barcelona,negative,Pareto,0.05003201485962294,2.7793763150825363e-286,775096.780827404,775126.1386945697,16.221832329803078,21.186488577599903,32.87109042774944,131394,14.783333333333333,18.5,27.95,"(np.float64(85.16864162542882), np.float64(-591.3183203435357), 591.3349870102023)"
LEBL,Barcelona,negative,Chi-Square,0.47439787602486727,0.0,956763.3851618578,956792.7430290235,5.834312905886712,8.372437248313275,14.659950365604411,131394,14.783333333333333,18.5,27.95,"(np.float64(0.9271224755524989), np.float64(0.016666666666666663), np.float64(2.2839698112012954))"
LEBL,Barcelona,negative,F-Distribution,0.0255023308908075,1.1432569748562595e-74,772725.6841629252,772764.8279858128,15.511246895963854,20.079690807117537,31.10664715250981,131394,14.783333333333333,18.5,27.95,"(np.float64(2.4684946598612596), np.float64(45.1404917259934), np.float64(0.005757020569445876), np.float64(6.71373852369361))"
LEBL,Barcelona,negative,T-Distribution,0.12739587080218945,0.0,828598.4441476293,828627.802014795,12.333800058006652,15.026956456218926,22.644937477037217,131394,14.783333333333333,18.5,27.95,"(np.float64(3.5515029229801534), np.float64(5.72279271185139), np.float64(4.20698073049386))"
LEBL,Barcelona,negative,Normal,0.1747573606746901,0.0,902794.5862469266,902814.1581583703,16.6712708502876,19.400376278725872,24.51972418987942,131394,14.783333333333333,18.5,27.95,"(np.float64(7.044324829647218), np.float64(7.511945893920681))"
LEBL,Barcelona,negative,Uniform,0.9344939347835183,0.0,1632031.1954659536,1632050.7673773973,448.14166666666665,473.03749999999997,492.95416666666665,131394,14.783333333333333,18.5,27.95,"(np.float64(0.016666666666666666), np.float64(497.9166666666667))"
LEBL,Barcelona,negative,Laplace,0.150336086692695,0.0,839816.6374308191,839836.2093422628,12.648682593698497,15.763342321084522,22.99535824811635,131394,14.783333333333333,18.5,27.95,"(np.float64(5.416666666666667), np.float64(4.493504142756392))"
LEBL,Barcelona,negative,Logistic,0.12916045151696665,0.0,839263.630592238,839283.2025036818,13.24274869538839,15.649864407531894,20.967454446628828,131394,14.783333333333333,18.5,27.95,"(np.float64(6.164494060227294), np.float64(3.2214525124884315))"
EDDM,Munich,positive,Log-Normal,0.02896706968234941,5.742789463762506e-180,1715616.3539743556,1715647.5967327603,26.75954098475341,37.51776782278939,70.20926796956645,246287,25.416666666666668,34.166666666666664,62.15,"(np.float64(0.9019329997869842), -0.9866794262787763, np.float64(8.734022066961238))"
EDDM,Munich,positive,Gamma,0.865458596354972,0.0,3941459.389048634,3941490.6318070386,0.5818556387745599,1.4507665532072738,4.51768734136015,246287,25.416666666666668,34.166666666666664,62.15,"(np.float64(0.07559343343408673), np.float64(0.016666666666666663), np.float64(3.273639240315118))"
EDDM,Munich,positive,Weibull,0.02812839841421136,1.0152890048279404e-169,1710760.7913522096,1710792.0341106143,27.50843735204485,35.898627279005176,55.46439719672654,246287,25.416666666666668,34.166666666666664,62.15,"(np.float64(0.9880167581951456), np.float64(0.016666666666666663), np.float64(11.819357297263757))"
EDDM,Munich,positive,Log-Logistic,0.029132485606017555,5.039489952681064e-182,1721735.8239314922,1721767.0666898969,28.56109511274503,44.01197736437304,113.72584590847993,246287,25.416666666666668,34.166666666666664,62.15,"(np.float64(1.7504388429859812), np.float64(-0.4569658359894992), np.float64(8.270345618196508))"
EDDM,Munich,positive,Burr XII,0.013053829562375163,6.966864178972284e-37,1705540.76469325,1705582.4217044562,26.302302425973792,35.2291523284324,59.74923691104721,246287,25.416666666666668,34.166666666666664,62.15,"(np.float64(1.162725469626378), np.float64(4.920032354121201), np.float64(0.010664573295610883), np.float64(40.984088490811246))"
EDDM,Munich,positive,Generalized Gamma,0.01976358668282291,5.373605526222294e-84,1708302.544940129,1708344.2019513352,27.05014747667541,35.88465754366857,57.71835674462605,246287,25.416666666666668,34.166666666666664,62.15,"(np.float64(1.732683697860287), np.float64(0.7447397843076953), np.float64(0.001704707013154283), np.float64(5.056037938537353))"
EDDM,Munich,positive,Exponential,0.02443673660286938,3.40887821792948e-128,1710840.3322851222,1710861.1607907254,27.327677005036655,35.54911032877511,54.63868734340664,246287,25.416666666666668,34.166666666666664,62.15,"(0.016666666666666666, 11.861021085156748)"
EDDM,Munich,positive,Lomax,0.036723172829256356,5.134872440569984e-289,1709015.3393257186,1709046.5820841233,27.563032364293935,36.67964592075864,59.46968705181467,246287,25.416666666666668,34.166666666666664,62.15,"(np.float64(15.670377052101529), np.float64(0.01652144149694612), np.float64(174.0333128827133))"
EDDM,Munich,positive,Inverse Gaussian,0.02903485297019992,8.274492183501112e-181,1716411.7245405088,1716442.9672989135,26.935010485605993,36.896430506626274,62.96437653380199,246287,25.416666666666668,34.166666666666664,62.15,"(np.float64(0.9126728060039073), np.float64(-1.6923323278863014), np.float64(14.868443071095285))"
EDDM,Munich,positive,Beta,0.02467242062348385,1.137350468317974e-130,-1412110.829489714,-1412069.1724785077,27.306451833351627,35.239153526921726,53.53423312795914,246287,25.416666666666668,34.166666666666664,62.15,"(np.float64(1.0436197823993156), np.float64(317.72265632345756), np.float64(0.0004987191744279334), np.float64(6.397226777228026))"
EDDM,Munich,positive,Pareto,0.0370608473332103,2.384195516609368e-294,1709008.215574849,1709039.4583332536,27.513423453244258,36.60965254290198,59.34100514241217,246287,25.416666666666668,34.166666666666664,62.15,"(np.float64(15.742535440760241), np.float64(-174.56246104823546), np.float64(174.5791277149021))"
EDDM,Munich,positive,Chi-Square,0.5887793591533813,0.0,2412800.2384677134,2412831.481226118,5.70301242117371,8.491775069059344,15.56260113932278,246287,25.416666666666668,34.166666666666664,62.15,"(np.float64(0.7413116564603326), np.float64(0.016666666666666663), np.float64(2.680593310472738))"
EDDM,Munich,positive,F-Distribution,0.01753605662072255,3.2181545535392287e-66,1706304.2789267488,1706345.935937955,26.632733498622073,35.63346607752041,59.52536739642929,246287,25.416666666666668,34.166666666666664,62.15,"(np.float64(2.398832104512633), np.float64(16.408431010139875), np.float64(0.008581789435009958), np.float64(10.390463875710907))"
EDDM,Munich,positive,T-Distribution,0.14887660646282128,0.0,1827549.426642208,1827580.6694006126,19.28486259053395,24.870079093105076,44.946877611194324,246287,25.416666666666668,34.166666666666664,62.15,"(np.float64(2.259649062146787), np.float64(8.272380724071805), np.float64(6.139213006257655))"
EDDM,Munich,positive,Normal,0.18891341561030944,0.0,1979099.402181688,1979120.2306872911,29.1136338685415,33.99978509558201,43.16539219052097,246287,25.416666666666668,34.166666666666664,62.15,"(np.float64(11.877687751823416), np.float64(13.449280216355241))"
EDDM,Munich,positive,Uniform,0.8961442040347329,0.0,3122448.159462725,3122468.987968328,509.64166666666665,537.9541666666667,560.6041666666666,246287,25.416666666666668,34.166666666666664,62.15,"(np.float64(0.016666666666666666), np.float64(566.25))"
EDDM,Munich,positive,Laplace,0.17602573376815614,0.0,1856205.2784211102,1856226.1069267134,21.154637927108958,26.67647325956682,39.497777853342434,246287,25.416666666666668,34.166666666666664,62.15,"(np.float64(8.333333333333334), np.float64(7.966324450742426))"
EDDM,Munich,positive,Logistic,0.15357711551696568,0.0,1873261.5129527661,1873282.3414583693,22.53257398585219,26.842008966395532,36.36203677854711,246287,25.416666666666668,34.166666666666664,62.15,"(np.float64(9.860446105969935), np.float64(5.767333940550203))"
EDDM,Munich,negative,Log-Normal,0.03796395777552786,5.471803596925842e-249,1201395.9362857966,1201426.5316468813,15.840700476488708,20.55503003566779,33.05683887621682,198482,15.4,18.7,26.066666666666666,"(np.float64(0.6515072529543184), -1.8124438989568485, np.float64(7.65970735801519))"
EDDM,Munich,negative,Gamma,0.983115987685673,0.0,3832902.9600421037,3832933.5554031883,0.016666666667043813,0.016667847301660883,0.12695841559069387,198482,15.4,18.7,26.066666666666666,"(np.float64(0.0036149221270193477), np.float64(0.016666666666666663), np.float64(3.0468592423319762))"
EDDM,Munich,negative,Weibull,0.653118788906548,0.0,1719486.5116535993,1719517.107014684,9.452761426666823,27.93267856840461,164.28571212178886,198482,15.4,18.7,26.066666666666666,"(np.float64(0.242616751884419), np.float64(0.016666666666666663), np.float64(0.30327606384000727))"
EDDM,Munich,negative,Log-Logistic,0.037966575314041046,5.056421393372134e-249,1210316.0666253413,1210346.661986426,16.7859699373103,23.462268501900898,48.32904924106267,198482,15.4,18.7,26.066666666666666,"(np.float64(2.3677983109781406), np.float64(-1.2072430425612155), np.float64(7.113778893588137))"
EDDM,Munich,negative,Burr XII,0.024652608873336646,3.191538427955075e-105,1189215.2597639267,1189256.0535787062,15.872642625760472,19.88949805286513,29.177303931184245,198482,15.4,18.7,26.066666666666666,"(np.float64(1.2828451966087029), np.float64(13.711741053854329), np.float64(-0.009680014527173096), np.float64(59.72017837857968))"
EDDM,Munich,negative,Generalized Gamma,0.029006095453681102,1.6478385214993223e-145,1192716.6923895497,1192757.4862043292,16.261576135526628,20.439926991035392,29.812942565288488,198482,15.4,18.7,26.066666666666666,"(np.float64(1.1969748140296632), np.float64(1.0698182743314462), np.float64(-0.002254835572271276), np.float64(6.571745147816909))"
EDDM,Munich,negative,Exponential,0.07802338779176116,0.0,1201248.526866918,1201268.9237743078,17.480144234405785,22.737174810900317,34.9436218021449,198482,15.4,18.7,26.066666666666666,"(0.016666666666666666, 7.584291942510321)"
EDDM,Munich,negative,Lomax,0.08052734969380765,0.0,1201231.7813764268,1201262.3767375115,17.3901925836347,22.644706616985104,34.88935612339545,198482,15.4,18.7,26.066666666666666,"(np.float64(319.5578907604531), np.float64(0.016666666666662493), np.float64(2402.4603146587397))"
EDDM,Munich,negative,Inverse Gaussian,0.037574703523516884,6.466059141421723e-244,1201330.8678681336,1201361.4632292183,15.96279727362124,20.50943962582049,31.563259021472454,198482,15.4,18.7,26.066666666666666,"(np.float64(0.4636688677685903), np.float64(-2.1360278951258582), np.float64(20.99989421808465))"
EDDM,Munich,negative,Beta,0.03147192461267928,3.134124209283114e-171,-1382010.8246214422,-1381970.0308066627,16.561398194848678,20.819492095688975,30.499767514888077,198482,15.4,18.7,26.066666666666666,"(np.float64(1.3535098466952964), np.float64(12421119.356903974), np.float64(0.00044867950869223564), np.float64(106469.95070136976))"
EDDM,Munich,negative,Pareto,0.07872396533010945,0.0,1201225.5500663903,1201256.145427475,17.486906238444135,22.769346986469372,35.07670093623665,198482,15.4,18.7,26.066666666666666,"(np.float64(337.619983559596), np.float64(-2552.8581524302986), np.float64(2552.874819096965))"
EDDM,Munich,negative,Chi-Square,0.5154533154036565,0.0,1523694.3318528496,1523724.9272139343,5.848662489935006,8.379331459551278,14.641873160899204,198482,15.4,18.7,26.066666666666666,"(np.float64(0.9369909464489747), np.float64(0.016666666666666663), np.float64(2.2702639462689236))"
EDDM,Munich,negative,F-Distribution,0.03390707725069475,1.0840730374326886e-198,1191916.6995762463,1191957.4933910258,16.190469435968012,20.54758390911871,30.723330001497462,198482,15.4,18.7,26.066666666666666,"(np.float64(2.8279068800588583), np.float64(83.93201097046939), np.float64(-0.03518606253501597), np.float64(7.442300217315711))"
EDDM,Munich,negative,T-Distribution,0.10541659493138897,0.0,1257239.4915493224,1257270.086910407,13.638598106472049,16.125708450802048,22.252628800423818,198482,15.4,18.7,26.066666666666666,"(np.float64(5.287249146961738), np.float64(6.732218197492361), np.float64(4.71770197211349))"
EDDM,Munich,negative,Normal,0.16917394876950642,0.0,1384819.0923746608,1384839.4892820506,17.752733286930194,20.63062034705682,26.029057855653168,198482,15.4,18.7,26.066666666666666,"(np.float64(7.600958609176987), np.float64(7.921471871043419))"
EDDM,Munich,negative,Uniform,0.9506558329809501,0.0,2574463.5587442224,2574483.955651612,589.9516666666667,622.7258333333333,648.9451666666666,198482,15.4,18.7,26.066666666666666,"(np.float64(0.016666666666666666), np.float64(655.4833333333333))"
EDDM,Munich,negative,Laplace,0.1273093679036345,0.0,1275206.2282348746,1275226.6251422644,13.61979177142797,16.786610382629622,24.139735487390926,198482,15.4,18.7,26.066666666666666,"(np.float64(6.266666666666667), np.float64(4.568753505775503))"
EDDM,Munich,negative,Logistic,0.10855451906257381,0.0,1266617.430222876,1266637.8271302658,14.041724961634605,16.47727524690866,21.857680464387848,198482,15.4,18.7,26.066666666666666,"(np.float64(6.879856918092345), np.float64(3.259506614578684))"
EGKK,London Gatwick,positive,Log-Normal,0.023732734459025906,1.3655925615471795e-117,1884625.5681831338,1884656.7264577937,40.82488290646584,55.193600697829616,96.29692155867633,239448,39.25,51.71666666666667,89.82549999999998,"(np.float64(0.7912301673774587), -2.3203593568111587, np.float64(15.651549025150482))"
EGKK,London Gatwick,positive,Gamma,0.910322059943387,0.0,4996493.247471202,4996524.405745862,0.412159215885299,1.2058236265924567,4.330021931701724,239448,39.25,51.71666666666667,89.82549999999998,"(np.float64(0.05929958334221178), np.float64(0.016666666666666663), np.float64(3.587394492110489))"
EGKK,London Gatwick,positive,Weibull,0.02656869211898416,2.864004481532589e-147,1882223.472140357,1882254.6304150168,41.8681938381571,53.21609029377027,78.74992926607264,239448,39.25,51.71666666666667,89.82549999999998,"(np.float64(1.0968962324200717), np.float64(0.014825478005068206), np.float64(19.566433831568986))"
EGKK,London Gatwick,positive,Log-Logistic,0.02664493914130038,4.100388188082442e-148,1890302.6068595883,1890333.7651342482,42.60266503441598,62.357419154408376,143.3073103512442,239448,39.25,51.71666666666667,89.82549999999998,"(np.float64(2.012637391475964), np.float64(-1.3395771612020444), np.float64(14.748804293668046))"
EGKK,London Gatwick,positive,Burr XII,0.015167345235382934,2.807652478664952e-48,1876766.7339082018,1876808.2782744148,40.43591557293247,52.90150630801067,86.13117326715428,239448,39.25,51.71666666666667,89.82549999999998,"(np.float64(1.2778236987632117), np.float64(4.728331666785069), np.float64(-0.014323626041445827), np.float64(58.25931462863287))"
EGKK,London Gatwick,positive,Generalized Gamma,0.02141746756664681,7.625173634657697e-96,1879683.099240479,1879724.643606692,41.514594996044416,53.83489916786175,83.41030800523825,239448,39.25,51.71666666666667,89.82549999999998,"(np.float64(1.8191196723989695), np.float64(0.7949873252091507), np.float64(-0.056427526200073054), np.float64(8.246360445650643))"
EGKK,London Gatwick,positive,Exponential,0.05726048633379696,0.0,1885645.8413417344,1885666.613524841,43.462247710943544,56.54067078432133,86.9078287552204,239448,39.25,51.71666666666667,89.82549999999998,"(0.016666666666666666, 18.868176110609962)"
EGKK,London Gatwick,positive,Lomax,0.05866034765789732,0.0,1885618.3888237095,1885649.5470983693,43.505621656404244,56.73388173408801,87.69567538630662,239448,39.25,51.71666666666667,89.82549999999998,"(np.float64(143.97692075904473), np.float64(0.016666666664665167), np.float64(2697.607480596049))"
EGKK,London Gatwick,positive,Inverse Gaussian,0.024613764909550973,1.8786133512303342e-126,1885151.984867665,1885183.1431423249,41.24426898014765,54.79437174004051,89.09756873726803,239448,39.25,51.71666666666667,89.82549999999998,"(np.float64(0.6861882206057183), np.float64(-3.4038182548723905), np.float64(32.48184512675533))"
EGKK,London Gatwick,positive,Beta,0.022071234217898028,9.280964095102627e-102,-1292483.2715678276,-1292441.7272016145,41.60398161076385,52.85879081895658,78.60062306874994,239448,39.25,51.71666666666667,89.82549999999998,"(np.float64(1.2365631830500758), np.float64(21893.93575296976), np.float64(0.0004835624018185798), np.float64(443.12297273745776))"
EGKK,London Gatwick,positive,Pareto,0.05865971806318379,0.0,1885618.3888223916,1885649.5470970515,43.505709535211736,56.733984381726714,87.69579101917725,239448,39.25,51.71666666666667,89.82549999999998,"(np.float64(143.98945940427885), np.float64(-2697.833078015917), np.float64(2697.8497446825836))"
EGKK,London Gatwick,positive,Chi-Square,0.7186709747679413,0.0,3116198.502715518,3116229.660990178,5.329553834011971,8.235447882665065,15.775334386334785,239448,39.25,51.71666666666667,89.82549999999998,"(np.float64(0.6078973837728159), np.float64(0.016666666666666663), np.float64(2.9679763979043092))"
EGKK,London Gatwick,positive,F-Distribution,0.020929215352585073,1.5256299274894373e-91,1878088.3274489562,1878129.8718151692,41.08523687248259,53.707617001386346,85.84429082027381,239448,39.25,51.71666666666667,89.82549999999998,"(np.float64(2.7491975080056514), np.float64(21.668084790375868), np.float64(-0.04146615686279058), np.float64(17.146309121981634))"
EGKK,London Gatwick,positive,T-Distribution,0.13027796961665583,0.0,1975797.6762018362,1975828.834476496,31.08404465794857,39.111608433641564,65.97708580048948,239448,39.25,51.71666666666667,89.82549999999998,"(np.float64(2.5368295068305704), np.float64(14.174800945508892), np.float64(9.820347837148624))"
EGKK,London Gatwick,positive,Normal,0.16304083472878755,0.0,2094954.4869370305,2094975.259120137,43.50768599353228,50.48791990582316,63.5816778551811,239448,39.25,51.71666666666667,89.82549999999998,"(np.float64(18.884842777276628), np.float64(19.21330664973444))"
EGKK,London Gatwick,positive,Uniform,0.8876365675689566,0.0,3172803.7980014603,3172824.570184567,678.5116666666667,716.2058333333333,746.3611666666667,239448,39.25,51.71666666666667,89.82549999999998,"(np.float64(0.016666666666666666), np.float64(753.8833333333333))"
EGKK,London Gatwick,positive,Laplace,0.1537547115538931,0.0,1997427.1679030415,1997447.940086148,33.242084379540024,41.500487279739886,60.67590499261324,239448,39.25,51.71666666666667,89.82549999999998,"(np.float64(14.066666666666666), np.float64(11.914356909781388))"
EGKK,London Gatwick,positive,Logistic,0.13329220531130312,0.0,2008614.829002768,2008635.6011858745,35.04375178221359,41.47537649714208,55.68356073472413,239448,39.25,51.71666666666667,89.82549999999998,"(np.float64(16.1312095972265), np.float64(8.607468886005043))"
EGKK,London Gatwick,negative,Log-Normal,0.03939557363026902,7.940431848619691e-104,468699.6348595184,468727.37661771907,16.779389802695267,22.64323564975389,39.30920557748628,76669,16.153333333333283,19.816666666666666,28.3,"(np.float64(0.7793331748892777), -1.1374015517571117, np.float64(6.599426077346556))"
EGKK,London Gatwick,negative,Gamma,0.982615321896469,0.0,1474489.5316904215,1474517.273448622,0.016666666666956945,0.01666771059036724,0.12497167347968745,76669,16.153333333333283,19.816666666666666,28.3,"(np.float64(0.003581700876850556), np.float64(0.016666666666666663), np.float64(3.0730863450554926))"
EGKK,London Gatwick,negative,Weibull,0.6440045390071127,0.0,649791.1197710161,649818.8615292168,6.702935257363814,17.357194572882907,82.30338060718354,76669,16.153333333333283,19.816666666666666,28.3,"(np.float64(0.27613734582245353), np.float64(0.016666666666666663), np.float64(0.32618267283906877))"
EGKK,London Gatwick,negative,Log-Logistic,0.03852094493838465,2.7630513681958373e-99,471794.77201937616,471822.51377757685,18.143088776545486,26.79525063544286,62.72309584617844,76669,16.153333333333283,19.816666666666666,28.3,"(np.float64(1.9717706954218597), np.float64(-0.6349826822972771), np.float64(6.161676843674027))"
EGKK,London Gatwick,negative,Burr XII,0.02272711083395973,7.824216270156446e-35,463685.3615758703,463722.35058680456,16.650027458283624,21.46892879203149,33.30256102047453,76669,16.153333333333283,19.816666666666666,28.3,"(np.float64(1.1851925155693923), np.float64(9.484476954780519), np.float64(0.00790745299561428), np.float64(49.494990997914016))"
EGKK,London Gatwick,negative,Generalized Gamma,0.02846226884965347,2.1652205156871474e-54,465372.5335352249,465409.52254615916,17.18719907213629,22.257346979894216,34.22082846929755,76669,16.153333333333283,19.816666666666666,28.3,"(np.float64(1.3944367125275285), np.float64(0.8891708642704779), np.float64(0.0054410537409022314), np.float64(5.074065519990587))"
EGKK,London Gatwick,negative,Exponential,0.04483617649273064,2.2703829029238334e-134,466265.7033636895,466284.1978691566,17.73814017283993,23.072835265562613,35.45961367901319,76669,16.153333333333283,19.816666666666666,28.3,"(0.016666666666666666, 7.69633815492572)"
EGKK,London Gatwick,negative,Lomax,0.05928172580640351,1.1725274779831435e-234,465772.28935134725,465800.03110954794,17.306568991016885,22.721594030738284,35.68568874080032,76669,16.153333333333283,19.816666666666666,28.3,"(np.float64(37.69009810349891), np.float64(0.016666666666655595), np.float64(274.45459042915195))"
EGKK,London Gatwick,negative,Inverse Gaussian,0.03860286718026351,1.0479431776454446e-99,469142.6333892387,469170.37514743936,16.955743751164675,22.538058017204435,36.65223968077985,76669,16.153333333333283,19.816666666666666,28.3,"(np.float64(0.6783303677854722), np.float64(-1.5402717491681377), np.float64(13.641249624133629))"
EGKK,London Gatwick,negative,Beta,0.0836412085523498,0.0,-490316.52092683595,-490279.5319159017,15.060876889304785,17.560521158707555,22.621377808051452,76669,16.153333333333283,19.816666666666666,28.3,"(np.float64(14.914957601615576), np.float64(310292494003.0947), np.float64(-0.020723521330906193), np.float64(679066192.3540186))"
EGKK,London Gatwick,negative,Pareto,0.05261051525035376,7.078013290456004e-185,465722.60086038965,465750.34261859034,17.75937712433617,23.345691675997244,36.77501776645872,76669,16.153333333333283,19.816666666666666,28.3,"(np.float64(33.23253228702337), np.float64(-247.28972784698968), np.float64(247.30639451365633))"
EGKK,London Gatwick,negative,Chi-Square,0.4944253802040734,0.0,586700.6918027777,586728.4335609784,5.864345153334082,8.464638890752807,14.929922507057297,76669,16.153333333333283,19.816666666666666,28.3,"(np.float64(0.8933187795714843), np.float64(0.016666666666666663), np.float64(2.3653724069238455))"
EGKK,London Gatwick,negative,F-Distribution,0.029996490574989154,2.2913337176097586e-60,464333.8059987053,464370.7950096396,16.964545766340002,22.05873651100846,34.51864103564861,76669,16.153333333333283,19.816666666666666,28.3,"(np.float64(2.461074714622513), np.float64(36.28863130140386), np.float64(0.005099816473071304), np.float64(7.239700545655751))"
EGKK,London Gatwick,negative,T-Distribution,0.12577368873169642,0.0,496590.3183591555,496618.0601173562,13.638540307892065,16.479653336619098,24.151050444362536,76669,16.153333333333283,19.816666666666666,28.3,"(np.float64(3.99134885631992), np.float64(6.367312122229162), np.float64(4.740511535633816))"
EGKK,London Gatwick,negative,Normal,0.2230897228871116,0.0,572223.7797009879,572242.274206455,20.66030808925949,24.330688660176662,31.215712196851072,76669,16.153333333333283,19.816666666666666,28.3,"(np.float64(7.713004821592387), np.float64(10.102834420217103))"
EGKK,London Gatwick,negative,Uniform,0.9466332850514488,0.0,993409.6371707715,993428.1316762386,585.9316666666666,618.4825,644.5231666666666,76669,16.153333333333283,19.816666666666666,28.3,"(np.float64(0.016666666666666666), np.float64(651.0166666666667))"
EGKK,London Gatwick,negative,Laplace,0.1514960249388815,0.0,505033.52812390984,505052.02262937697,13.908307514965482,17.342941946234987,25.317916127867132,76669,16.153333333333283,19.816666666666666,28.3,"(np.float64(5.933333333333334), np.float64(4.955130061259005))"
EGKK,London Gatwick,negative,Logistic,0.13005237984450213,0.0,504332.8556352373,504351.3501407044,14.542493802552446,17.191261036092754,23.04268653504301,76669,16.153333333333283,19.816666666666666,28.3,"(np.float64(6.753649729255232), np.float64(3.5448557027975407))"
LIRF,Rome Fiumicino,positive,Log-Normal,0.028820042762475573,4.134024387722824e-111,1070663.426574613,1070693.2486155161,27.46718795637561,39.21911251312106,76.0237249499563,153381,25.783333333333335,35.55,67.68666666666687,"(np.float64(0.9569799469284268), -0.7983318751125077, np.float64(8.29143896197024))"
LIRF,Rome Fiumicino,positive,Gamma,0.8694747882807812,0.0,2483602.8821753026,2483632.704216206,0.48282467913270005,1.2922956040694997,4.290879646786818,153381,25.783333333333335,35.55,67.68666666666687,"(np.float64(0.06735072675398729), np.float64(0.016666666666666663), np.float64(3.309591335796539))"
LIRF,Rome Fiumicino,positive,Weibull,0.028879156895278424,1.4513738666161592e-111,1068093.5012124144,1068123.3232533175,28.13855912687156,36.957456612815584,57.7025584580842,153381,25.783333333333335,35.55,67.68666666666687,"(np.float64(0.9647622152928512), np.float64(0.016666666666666663), np.float64(11.846743479783672))"
LIRF,Rome Fiumicino,positive,Log-Logistic,0.028319247755265065,2.6924070754045398e-107,1074069.634270676,1074099.456311579,29.450358345287682,46.44974635209172,126.53484359455325,153381,25.783333333333335,35.55,67.68666666666687,"(np.float64(1.6544764967105974), np.float64(-0.32748884008447476), np.float64(7.89094979705264))"
LIRF,Rome Fiumicino,positive,Burr XII,0.012714669531053213,5.742083170900307e-22,1064510.2398706218,1064550.002591826,26.84750500423646,36.574954336381225,64.39688917438728,153381,25.783333333333335,35.55,67.68666666666687,"(np.float64(1.135786388114217), np.float64(4.3297797672387786), np.float64(0.012156806853975057), np.float64(36.643865406390915))"
LIRF,Rome Fiumicino,positive,Generalized Gamma,0.019843767591550432,6.761791357691315e-53,1066404.6728858422,1066444.4356070464,27.724772480326152,37.380382658555796,61.953067749590666,153381,25.783333333333335,35.55,67.68666666666687,"(np.float64(1.9503034122333034), np.float64(0.6711781265367746), np.float64(0.0010291725982008023), np.float64(3.770224507342883))"
LIRF,Rome Fiumicino,positive,Exponential,0.02841433274152183,5.142484148654716e-108,1068911.7009289255,1068931.5822895276,27.636049830587304,35.95031262466415,55.25543299450793,153381,25.783333333333335,35.55,67.68666666666687,"(0.016666666666666666, 11.994945701662308)"
LIRF,Rome Fiumicino,positive,Lomax,0.03104122641316409,7.84698647766132e-129,1065995.564828578,1066025.386869481,27.880433291979863,37.67529992191625,63.36583277678195,153381,25.783333333333335,35.55,67.68666666666687,"(np.float64(9.52291393872724), np.float64(0.016666666666637887), np.float64(101.86655600752533))"
LIRF,Rome Fiumicino,positive,Inverse Gaussian,0.029082329294681852,3.910707544958969e-113,1071549.5839293078,1071579.405970211,27.698176466316564,38.57034171783622,67.53390755085934,153381,25.783333333333335,35.55,67.68666666666687,"(np.float64(1.0516918036793896), np.float64(-1.4972154296442026), np.float64(12.844858904200372))"
LIRF,Rome Fiumicino,positive,Beta,0.029891181161934344,1.716431775746716e-119,-831710.1431129514,-831670.3803917472,28.13849175900801,36.5899379962393,56.09367266087569,153381,25.783333333333335,35.55,67.68666666666687,"(np.float64(0.9602989213909369), np.float64(125.11144295078327), np.float64(0.0004999999999999999), np.float64(3.2128869698483316))"
LIRF,Rome Fiumicino,positive,Pareto,0.031041216931133098,7.848404276242274e-129,1065995.564828577,1066025.3868694801,27.88043290993214,37.67529867234511,63.36582770648003,153381,25.783333333333335,35.55,67.68666666666687,"(np.float64(9.52291860209905), np.float64(-101.84994410183741), 101.86661076850407)"
LIRF,Rome Fiumicino,positive,Chi-Square,0.5774622260235903,0.0,1503310.1019609957,1503339.9240018988,5.697698263475019,8.492210933514187,15.581974426615837,153381,25.783333333333335,35.55,67.68666666666687,"(np.float64(0.7371858093470833), np.float64(0.016666666666666663), np.float64(2.6906213038298996))"
LIRF,Rome Fiumicino,positive,F-Distribution,0.016589150286451693,4.27088061031956e-37,1064892.842281445,1064932.6050026491,27.158899279114276,36.93828624454297,64.00886236015756,153381,25.783333333333335,35.55,67.68666666666687,"(np.float64(2.3239835453980637), np.float64(12.84357730814615), np.float64(0.011066208421912565), np.float64(10.086286479781288))"
LIRF,Rome Fiumicino,positive,T-Distribution,0.1575509678911602,0.0,1145551.6552387737,1145581.4772796768,19.088724140454655,25.067471134621382,47.85148649438814,153381,25.783333333333335,35.55,67.68666666666687,"(np.float64(2.0731368436581574), np.float64(7.924252466401295), np.float64(6.013194950013231))"
LIRF,Rome Fiumicino,positive,Normal,0.20559997197122587,0.0,1257636.727837089,1257656.609197691,30.717433860209713,36.020274331885396,45.96752115092394,153381,25.783333333333335,35.55,67.68666666666687,"(np.float64(12.011612368328976), np.float64(14.596230065804356))"
LIRF,Rome Fiumicino,positive,Uniform,0.8807586078452456,0.0,1900420.7972707318,1900440.6786313339,441.3166666666667,465.8333333333333,485.44666666666666,153381,25.783333333333335,35.55,67.68666666666687,"(np.float64(0.016666666666666666), np.float64(490.33333333333337))"
LIRF,Rome Fiumicino,positive,Laplace,0.1890382991952934,0.0,1167706.2974758716,1167726.1788364737,21.38683576265303,27.12352034186801,40.44368943785436,153381,25.783333333333335,35.55,67.68666666666687,"(np.float64(8.066666666666666), np.float64(8.27628639357765))"
LIRF,Rome Fiumicino,positive,Logistic,0.16469516315403848,0.0,1181770.8180050203,1181790.6993656224,22.959189860356062,27.44579547626761,37.357213200047276,153381,25.783333333333335,35.55,67.68666666666687,"(np.float64(9.766082093764215), np.float64(6.004442105133543))"
LIRF,Rome Fiumicino,negative,Log-Normal,0.03437516193032908,1.4053965584955552e-197,1259780.5924086766,1259811.0885980977,20.279391298090648,25.991853787971934,40.801276741697066,192028,19.95,24.066666666666666,33.03333333333333,"(np.float64(0.609541215706125), -2.765712194168937, np.float64(10.551782656069769))"
LIRF,Rome Fiumicino,negative,Gamma,0.967690280050313,0.0,3682297.181653776,3682327.6778431972,0.016686320823081656,0.02363292759059246,0.7798139301302978,192028,19.95,24.066666666666666,33.03333333333333,"(np.float64(0.00921327209831338), np.float64(0.016666666666666663), np.float64(3.216123114884364))"
LIRF,Rome Fiumicino,negative,Weibull,0.6245325362858068,0.0,1701156.5051214627,1701187.0013108838,10.660178799965944,24.907054942905337,99.75948423216701,192028,19.95,24.066666666666666,33.03333333333333,"(np.float64(0.3097664400011012), np.float64(0.016666666666666663), np.float64(0.7207194902859486))"
LIRF,Rome Fiumicino,negative,Log-Logistic,0.036552062784319495,2.396718932337676e-223,1268658.1631511701,1268688.6593405912,21.36007614900065,29.359600833818448,58.15475427332482,192028,19.95,24.066666666666666,33.03333333333333,"(np.float64(2.528492547616872), np.float64(-1.906399978917129), np.float64(9.75741540765845))"
LIRF,Rome Fiumicino,negative,Burr XII,0.02283003964106184,2.238413657104182e-87,1248226.020356766,1248266.6819426608,20.386998266195548,25.287807726006793,36.32519513444798,192028,19.95,24.066666666666666,33.03333333333333,"(np.float64(1.3111280513169121), np.float64(18.71067849122915), np.float64(-0.026814279976384), np.float64(96.22685271972033))"
LIRF,Rome Fiumicino,negative,Generalized Gamma,0.032494042293947034,1.3788976724440972e-176,1252797.5999904997,1252838.2615763946,20.60646851062534,25.963880230730336,38.390976680696475,192028,19.95,24.066666666666666,33.03333333333333,"(np.float64(2.1420085403929328), np.float64(0.8451692344527071), np.float64(-0.27539120578417253), np.float64(3.933467328776489))"
LIRF,Rome Fiumicino,negative,Exponential,0.08868276039667605,0.0,1262569.3164695394,1262589.6472624869,22.696667983852123,29.524028682023534,45.376669301037566,192028,19.95,24.066666666666666,33.03333333333333,"(0.016666666666666666, 9.849799421612126)"
LIRF,Rome Fiumicino,negative,Lomax,0.090079240423461,0.0,1262575.2611794514,1262605.7573688724,22.594190058752428,29.390701932277498,45.171713983917314,192028,19.95,24.066666666666666,33.03333333333333,"(np.float64(98067224.41702244), np.float64(0.016666663700104528), np.float64(961577938.772646))"
LIRF,Rome Fiumicino,negative,Inverse Gaussian,0.03465846545118212,7.654814360725209e-201,1259045.777204881,1259076.273394302,20.379346383314072,25.88458430845103,39.08288306372898,192028,19.95,24.066666666666666,33.03333333333333,"(np.float64(0.3997406779611783), np.float64(-3.170679995122995), np.float64(32.61402498584167))"
LIRF,Rome Fiumicino,negative,Beta,0.08714530521951937,0.0,-1149558.067169351,-1149517.4055834562,19.639695694576677,22.48171382165467,27.9366884917229,192028,19.95,24.066666666666666,33.03333333333333,"(np.float64(209.04394315042762), np.float64(48468427.16133739), np.float64(-0.14897240905201908), np.float64(38191.0412509419))"
LIRF,Rome Fiumicino,negative,Pareto,0.08868276596332608,0.0,1262571.3177590028,1262601.8139484238,22.69666814804077,29.52402901649475,45.376670479774475,192028,19.95,24.066666666666666,33.03333333333333,"(np.float64(54505771.850467965), np.float64(-536870911.98333335), 536870912.0)"
LIRF,Rome Fiumicino,negative,Chi-Square,0.5932618068132307,0.0,1722743.406312578,1722773.902501999,5.81372636740235,8.49311589209566,15.205829259305498,192028,19.95,24.066666666666666,33.03333333333333,"(np.float64(0.8291671045255697), np.float64(0.016666666666666663), np.float64(2.4911693560014263))"
LIRF,Rome Fiumicino,negative,F-Distribution,0.03355568296172812,2.740499191896748e-188,1251066.530124642,1251107.1917105368,20.76446383162615,26.11340568550168,38.368001049351136,192028,19.95,24.066666666666666,33.03333333333333,"(np.float64(2.9711124655039045), np.float64(183.03440727727178), np.float64(-0.08589629445889616), np.float64(9.840437415130738))"
LIRF,Rome Fiumicino,negative,T-Distribution,0.0995130037048991,0.0,1309818.7255652496,1309849.2217546706,17.768637487462666,20.88214263243273,28.338055782083934,192028,19.95,24.066666666666666,33.03333333333333,"(np.float64(5.879939854316545), np.float64(8.903778237043102), np.float64(6.141777145670156))"
LIRF,Rome Fiumicino,negative,Normal,0.1334268759614211,0.0,1383268.434058278,1383288.7648512255,21.235107933557206,24.45795992705534,30.503494280161377,192028,19.95,24.066666666666666,33.03333333333333,"(np.float64(9.866466088278793), np.float64(8.870998367082688))"
LIRF,Rome Fiumicino,negative,Uniform,0.9389869255602596,0.0,2483554.7727620667,2483575.103555014,579.0016666666667,611.1675,636.9001666666667,192028,19.95,24.066666666666666,33.03333333333333,"(np.float64(0.016666666666666666), np.float64(643.3166666666667))"
LIRF,Rome Fiumicino,negative,Laplace,0.11999922815425276,0.0,1324888.9592788524,1324909.2900718,17.60606775911425,21.621150933441903,30.94388535922282,192028,19.95,24.066666666666666,33.03333333333333,"(np.float64(8.283333333333333), np.float64(5.792540584359226))"
LIRF,Rome Fiumicino,negative,Logistic,0.10203182024036016,0.0,1315171.6200614066,1315191.950854354,18.104221225584276,21.195495473972635,28.024468866659646,192028,19.95,24.066666666666666,33.03333333333333,"(np.float64(9.014161214416601), np.float64(4.1370645972784015))"
EIDW,Dublin,positive,Log-Normal,0.02947928114606785,3.0455361537354647e-102,968618.4652558402,968647.9010330727,29.89486158167951,42.01474241572264,78.99076873875673,134851,28.116666666666667,38.13333333333333,72.65,"(np.float64(0.9092020987244528), -1.0700956821781757, np.float64(9.656842980813533))"
EIDW,Dublin,positive,Gamma,0.8658983267741499,0.0,2257238.9002633477,2257268.33604058,0.6389582023223539,1.556947783259117,4.746313461953762,134851,28.116666666666667,38.13333333333333,72.65,"(np.float64(0.0787584256034218), np.float64(0.016666666666666663), np.float64(3.3657895311113233))"
EIDW,Dublin,positive,Weibull,0.0276810283922595,3.374355202390114e-90,966560.338400935,966589.7741781676,30.620882198304656,39.9235631310273,61.58975608016393,134851,28.116666666666667,38.13333333333333,72.65,"(np.float64(0.9915032447803505), np.float64(0.016666666666666663), np.float64(13.196584133210855))"
EIDW,Dublin,positive,Log-Logistic,0.029295716604612485,5.596512188935602e-101,971699.2086798613,971728.6444570938,31.822306964952517,49.114924457189105,127.36179143707794,134851,28.116666666666667,38.13333333333333,72.65,"(np.float64(1.7437357178710147), np.float64(-0.5019024900661289), np.float64(9.168273966064191))"
EIDW,Dublin,positive,Burr XII,0.015944354406099037,3.293690705875927e-30,963229.481541012,963268.7292439888,29.355591573182043,39.52370457844249,67.95995649607964,134851,28.116666666666667,38.13333333333333,72.65,"(np.float64(1.1681055947293693), np.float64(4.5085291852852265), np.float64(0.0093895926752183), np.float64(41.53381035199929))"
EIDW,Dublin,positive,Generalized Gamma,0.021782558762342807,5.16514999238913e-56,964981.2982523856,965020.5459553624,30.279755535861682,40.35410517241733,65.50465885529029,134851,28.116666666666667,38.13333333333333,72.65,"(np.float64(1.8497232524337939), np.float64(0.7136686580279555), np.float64(-0.0039896729524241045), np.float64(4.907924957386423))"
EIDW,Dublin,positive,Exponential,0.02789267935640205,1.412367596132204e-91,966633.8305204532,966653.4543719415,30.528014539805053,39.71284545775811,61.039362412943426,134851,28.116666666666667,38.13333333333333,72.65,"(0.016666666666666666, 13.250910016734519)"
EIDW,Dublin,positive,Lomax,0.03807303917776694,2.8111573128346927e-170,965222.401074972,965251.8368522045,30.7580592829718,41.11411579150674,67.36867566852968,134851,28.116666666666667,38.13333333333333,72.65,"(np.float64(13.178094806531206), np.float64(0.0166666666666601), np.float64(161.0150263720716))"
EIDW,Dublin,positive,Inverse Gaussian,0.02976253215130209,3.291087981408118e-104,969283.3639559785,969312.799733211,30.17587689146599,41.45060896878549,71.04448055856265,134851,28.116666666666667,38.13333333333333,72.65,"(np.float64(0.9353244631183278), np.float64(-1.847662324422822), np.float64(16.160441697019273))"
EIDW,Dublin,positive,Beta,0.02759811035644555,1.162192914750266e-89,-692243.8628393898,-692204.615136413,30.49412496666888,39.451687790302735,60.18688971469033,134851,28.116666666666667,38.13333333333333,72.65,"(np.float64(1.033894809014933), np.float64(1813.8911084250808), np.float64(0.0004987570640614466), np.float64(49.623441912326825))"
EIDW,Dublin,positive,Pareto,0.038072989617997655,2.814021889503136e-170,965222.4010749606,965251.8368521931,30.75806900378933,41.11413062071412,67.36870713802432,134851,28.116666666666667,38.13333333333333,72.65,"(np.float64(13.178073851645875), np.float64(-160.9981315661466), np.float64(161.01479823281326))"
EIDW,Dublin,positive,Chi-Square,0.613475440777465,0.0,1409313.693930421,1409343.1297076535,5.626500364416968,8.443006222420815,15.618837649491459,134851,28.116666666666667,38.13333333333333,72.65,"(np.float64(0.7097582796025732), np.float64(0.016666666666666663), np.float64(2.742941204730789))"
EIDW,Dublin,positive,F-Distribution,0.020273791881133207,1.4036317625794785e-48,963700.9839361152,963740.231639092,29.755301963236725,40.00766639420018,67.6464960268933,134851,28.116666666666667,38.13333333333333,72.65,"(np.float64(2.4084690417998753), np.float64(14.831356874101694), np.float64(0.007046447150386154), np.float64(11.42870495786479))"
EIDW,Dublin,positive,T-Distribution,0.14922099943294376,0.0,1029654.5978129125,1029684.0335901451,21.380209144181553,27.665662544433207,50.58169276532545,134851,28.116666666666667,38.13333333333333,72.65,"(np.float64(2.2115551289442363), np.float64(9.148971822286285), np.float64(6.762517207197575))"
EIDW,Dublin,positive,Normal,0.19383261590436163,0.0,1119092.055274525,1119111.6791260133,32.925553475109815,38.498316743891166,48.95189383992689,134851,28.116666666666667,38.13333333333333,72.65,"(np.float64(13.267576683401186), np.float64(15.339200793964848))"
EIDW,Dublin,positive,Uniform,0.8706905619853063,0.0,1658555.7800457547,1658575.403897243,421.6816666666667,445.1075,463.8481666666667,134851,28.116666666666667,38.13333333333333,72.65,"(np.float64(0.016666666666666666), np.float64(468.5166666666667))"
EIDW,Dublin,positive,Laplace,0.17807171122932797,0.0,1047055.4948473587,1047075.118698847,23.601156034034965,29.7890404617819,44.15686316248353,134851,28.116666666666667,38.13333333333333,72.65,"(np.float64(9.233333333333333), np.float64(8.927230177504553))"
EIDW,Dublin,positive,Logistic,0.1555895085933332,0.0,1057551.2548041577,1057570.878655646,25.152560000412663,29.982498280899,40.652376575572355,134851,28.116666666666667,38.13333333333333,72.65,"(np.float64(10.949863865397644), np.float64(6.463925572976021))"
EIDW,Dublin,negative,Log-Normal,0.03655738694942667,6.922858373940005e-153,867133.0336182239,867162.3891327617,20.869644521853502,27.11249867596508,43.698011433700714,131291,20.516666666666666,24.783333333333335,33.5,"(np.float64(0.6548851694517566), -2.3717620837810323, np.float64(10.040895878295967))"
EIDW,Dublin,negative,Gamma,0.9580994033099338,0.0,2429500.110525664,2429529.466040202,0.017174949658516698,0.050999049765631105,1.1784154398569817,131291,20.516666666666666,24.783333333333335,33.5,"(np.float64(0.012865540221585835), np.float64(0.016666666666666663), np.float64(3.226604315491194))"
EIDW,Dublin,negative,Weibull,0.5742366876915621,0.0,1111607.338045794,1111636.6935603318,11.701202561156771,24.204065368367694,79.42919813001407,131291,20.516666666666666,24.783333333333335,33.5,"(np.float64(0.3616942295452892), np.float64(0.016666666666666663), np.float64(1.1645811448380483))"
EIDW,Dublin,negative,Log-Logistic,0.03714496114791746,7.918798984324383e-158,873287.2609456617,873316.6164601996,22.211848544725264,31.166172226686623,64.77230099974896,131291,20.516666666666666,24.783333333333335,33.5,"(np.float64(2.334831722446194), np.float64(-1.5290923533099314), np.float64(9.264016162177786))"
EIDW,Dublin,negative,Burr XII,0.022383698699271704,1.418631209665102e-57,858675.7068718672,858714.8475579177,20.907542442672625,26.182834393823224,38.29429935925949,131291,20.516666666666666,24.783333333333335,33.5,"(np.float64(1.2697600335212065), np.float64(15.912652196044771), np.float64(-0.012134474412836983), np.float64(90.50661007202245))"
EIDW,Dublin,negative,Generalized Gamma,0.024153656935141488,5.700318586557804e-67,860292.8440580902,860331.9847441408,21.324473469371775,26.67268725789262,38.49375095985651,131291,20.516666666666666,24.783333333333335,33.5,"(np.float64(1.0573523392834656), np.float64(1.149340193491084), np.float64(0.004819247819854467), np.float64(9.948443337771973))"
EIDW,Dublin,negative,Exponential,0.07570285921887882,0.0,866086.4901662682,866106.0605092935,22.94478372626331,29.846834705296928,45.87290078585994,131291,20.516666666666666,24.783333333333335,33.5,"(0.016666666666666666, 9.957554719414633)"
EIDW,Dublin,negative,Lomax,0.07526916429309044,0.0,866088.7978282525,866118.1533427904,22.977238100363387,29.88909404580221,45.93798939753397,131291,20.516666666666666,24.783333333333335,33.5,"(np.float64(294011.87892695266), np.float64(0.016666622038307842), np.float64(2931771.923573427))"
EIDW,Dublin,negative,Inverse Gaussian,0.03617545420505264,1.023576168823493e-149,866710.8649682668,866740.2204828047,20.962990366527876,26.9351353944475,41.45205212110543,131291,20.516666666666666,24.783333333333335,33.5,"(np.float64(0.46281276343492656), np.float64(-2.8316214497128716), np.float64(27.669591791894263))"
EIDW,Dublin,negative,Beta,0.07570922325248297,0.0,-738045.302930036,-738006.1622439855,19.390731869108688,22.384819819501036,28.307527105388477,131291,20.516666666666666,24.783333333333335,33.5,"(np.float64(34.26175733340041), np.float64(24145257427947.938), np.float64(-0.05907468145036962), np.float64(55068731487.46141))"
EIDW,Dublin,negative,Pareto,0.07570287155175276,0.0,866088.4919070981,866117.847421636,22.944783836603165,29.84683522582054,45.87290295958519,131291,20.516666666666666,24.783333333333335,33.5,"(np.float64(26957970.440409344), np.float64(-268435455.98333332), np.float64(268435455.99999997))"
EIDW,Dublin,negative,Chi-Square,0.5848622760302298,0.0,1180327.3461644007,1180356.7016789385,5.807155026933043,8.497194288247327,15.243425167192909,131291,20.516666666666666,24.783333333333335,33.5,"(np.float64(0.8211250424128317), np.float64(0.016666666666666663), np.float64(2.5082681238553395))"
EIDW,Dublin,negative,F-Distribution,0.03212201020061023,3.9621144991871047e-118,860397.7869529768,860436.9276390274,21.321656643765376,27.038063405159598,40.295943969836955,131291,20.516666666666666,24.783333333333335,33.5,"(np.float64(2.7721396226338335), np.float64(115.58612154590236), np.float64(-0.03941196293456197), np.float64(9.834215109164765))"
EIDW,Dublin,negative,T-Distribution,0.10613681049233226,0.0,904837.4695255321,904866.82504007,18.07065258599812,21.31325755572854,29.139811859159412,131291,20.516666666666666,24.783333333333335,33.5,"(np.float64(5.70164220867678), np.float64(8.902284916515505), np.float64(6.327146575629228))"
EIDW,Dublin,negative,Normal,0.14604619230854848,0.0,962396.3558227527,962415.926165778,22.086802256071792,25.52055062588863,31.961691507172958,131291,20.516666666666666,24.783333333333335,33.5,"(np.float64(9.9742213860813), np.float64(9.451497072490566))"
EIDW,Dublin,negative,Uniform,0.9268218320814631,0.0,1646900.754342917,1646920.3246859421,476.56666666666666,503.04166666666663,524.2216666666667,131291,20.516666666666666,24.783333333333335,33.5,"(np.float64(0.016666666666666666), np.float64(529.5))"
EIDW,Dublin,negative,Laplace,0.12873652163973695,0.0,915902.9765112244,915922.5468542497,17.8703565073825,22.042330305959183,31.729353480008346,131291,20.516666666666666,24.783333333333335,33.5,"(np.float64(8.183333333333334), np.float64(6.018885909925281))"
EIDW,Dublin,negative,Logistic,0.10913785670284548,0.0,909707.0550884096,909726.6254314348,18.486096147727537,21.697931895091088,28.79323923375953,131291,20.516666666666666,24.783333333333335,33.5,"(np.float64(9.041518493457767), np.float64(4.298412529919811))"
LATI,Tirana,positive,Log-Normal,0.03149211745996894,3.2442865783735065e-20,157535.4226429278,157559.54690814367,24.39766713326682,32.65259083889639,55.83691805360709,22958,23.133333333333333,29.666666666666668,50.73100000000001,"(np.float64(0.757446832206776), -1.6619846758353582, np.float64(9.871788442234415))"
LATI,Tirana,positive,Gamma,0.8356824353785335,0.0,338855.2065117855,338879.3307770014,1.161467233151703,2.294388740798774,5.726193529485463,22958,23.133333333333333,29.666666666666668,50.73100000000001,"(np.float64(0.12375259497565502), np.float64(0.016666666666666663), np.float64(3.2385497397759355))"
LATI,Tirana,positive,Weibull,0.024310395058645518,3.2172133871970493e-12,156974.35045162556,156998.47471684145,24.952914989579067,31.55834898104723,46.32234071345785,22958,23.133333333333333,29.666666666666668,50.73100000000001,"(np.float64(1.1199751200832482), np.float64(0.014135329479795716), np.float64(11.842984171909546))"
LATI,Tirana,positive,Log-Logistic,0.03197640195613394,7.902878204822958e-21,158208.68073053227,158232.80499574816,25.6157049432173,37.0728012567055,82.94882660728662,22958,23.133333333333333,29.666666666666668,50.73100000000001,"(np.float64(2.08814391831266), np.float64(-1.0143398812067494), np.float64(9.298024783249918))"
LATI,Tirana,positive,Burr XII,0.019049310016872323,1.1451494703237784e-07,156596.7099189568,156628.8756059113,24.25735661553448,31.31756376946841,49.27367157159305,22958,23.133333333333333,29.666666666666668,50.73100000000001,"(np.float64(1.2656008970135213), np.float64(6.1782422712016825), np.float64(-0.005171022740891741), np.float64(45.467321091206685))"
LATI,Tirana,positive,Generalized Gamma,0.026236344337547346,3.6738101383756815e-14,156937.2475286341,156969.4132155886,24.74582434790674,32.10929471268055,50.015307333384335,22958,23.133333333333333,29.666666666666668,50.73100000000001,"(np.float64(2.3221428100376325), np.float64(0.7199205171635445), np.float64(-0.1215487683399574), np.float64(3.2139613513489977))"
LATI,Tirana,positive,Exponential,0.06171481421701763,1.860212210241955e-76,157448.87982933005,157464.9626728073,26.14470055404075,34.01002248186531,52.272734441414826,22958,23.133333333333333,29.666666666666668,50.73100000000001,"(0.016666666666666666, 11.347260940267734)"
LATI,Tirana,positive,Lomax,0.0613230747462723,1.7077486302959074e-75,157450.9257280975,157475.04999331338,26.1816790305227,34.058132590328846,52.346691401354,22958,23.133333333333333,29.666666666666668,50.73100000000001,"(np.float64(8644788570.847912), np.float64(0.016666666660567757), np.float64(98233503073.26555))"
LATI,Tirana,positive,Inverse Gaussian,0.03149382620418878,3.228282963751372e-20,157550.40222882695,157574.52649404283,24.579633257144696,32.36505080509035,51.86677247091593,22958,23.133333333333333,29.666666666666668,50.73100000000001,"(np.float64(0.6223159824207642), np.float64(-2.3076752323540184), np.float64(21.968912444782195))"
LATI,Tirana,positive,Beta,0.02017266849462951,1.512811459297488e-08,-94378.40587442541,-94346.24018747092,24.793622229938578,31.502233388172417,46.837426976700975,22958,23.133333333333333,29.666666666666668,50.73100000000001,"(np.float64(1.2477990476771605), np.float64(42478489.40474805), np.float64(0.00044455043182134793), np.float64(1620501.987026577))"
LATI,Tirana,positive,Pareto,0.06171482759487673,1.8600709239978313e-76,157450.88006842928,157475.00433364516,26.144700676202774,34.01002314686775,52.2727372944355,22958,23.133333333333333,29.666666666666668,50.73100000000001,"(np.float64(23656410.897089135), np.float64(-268435455.98333332), np.float64(268435455.99999997))"
LATI,Tirana,positive,Chi-Square,0.6069355366325189,0.0,221188.04159300152,221212.1658582174,5.804786344011674,8.58507897923373,15.604611460634901,22958,23.133333333333333,29.666666666666668,50.73100000000001,"(np.float64(0.7707418011249744), np.float64(0.016666666666666663), np.float64(2.6415399424978885))"
LATI,Tirana,positive,F-Distribution,0.02395385230952063,7.092835386577864e-12,156747.8338096068,156779.9994965613,24.658813487232486,31.883223691739452,49.6084461311497,22958,23.133333333333333,29.666666666666668,50.73100000000001,"(np.float64(2.703468403716359), np.float64(32.444212698943204), np.float64(-0.020021646448369367), np.float64(10.669078725671486))"
LATI,Tirana,positive,T-Distribution,0.12328513244397014,1.4037915929950937e-304,165640.6477348451,165664.77200006097,19.250283821342546,23.72912376833065,37.42111963783691,22958,23.133333333333333,29.666666666666668,50.73100000000001,"(np.float64(2.999072097351505), np.float64(9.001581795398526), np.float64(6.257292925938689))"
LATI,Tirana,positive,Normal,0.1528125645876624,0.0,175575.94340560387,175592.02624908113,25.559028180034502,29.58314194863936,37.13171013544639,22958,23.133333333333333,29.666666666666668,50.73100000000001,"(np.float64(11.363927606934402), np.float64(11.076495831104413))"
LATI,Tirana,positive,Uniform,0.8258174770803638,0.0,251217.30491058528,251233.38775406254,213.97666666666666,225.86333333333332,235.37266666666667,22958,23.133333333333333,29.666666666666668,50.73100000000001,"(np.float64(0.016666666666666666), np.float64(237.73333333333332))"
LATI,Tirana,positive,Laplace,0.14460609083472206,0.0,167616.33261547858,167632.41545895583,20.19472063927602,25.10215970440726,36.49688034368327,22958,23.133333333333333,29.666666666666668,50.73100000000001,"(np.float64(8.8), np.float64(7.079938002729622))"
LATI,Tirana,positive,Logistic,0.12553224336327864,8.31061005e-316,168002.18875372483,168018.27159720208,21.04921097977249,24.846882973964647,33.236368641893236,22958,23.133333333333333,29.666666666666668,50.73100000000001,"(np.float64(9.881949987663768), np.float64(5.082439504498544))"
LATI,Tirana,negative,Log-Normal,0.03424058330150381,5.75526218669179e-14,82409.79145802147,82432.27440476896,17.763328383728442,24.223903653645696,42.941690091961995,13284,16.883333333333333,21.844999999999953,35.26700000000001,"(np.float64(0.8145917742532122), -0.9959631657564355, np.float64(6.604477416099678))"
LATI,Tirana,negative,Gamma,0.8556725346860433,0.0,178162.1646963197,178184.64764306718,0.5133253458484596,1.3000682088599063,4.109454842768513,13284,16.883333333333333,21.844999999999953,35.26700000000001,"(np.float64(0.07342466609470483), np.float64(0.016666666666666663), np.float64(3.0235434066742335))"
LATI,Tirana,negative,Weibull,0.016429692309680666,0.0015189369717930742,81766.49882256915,81788.98176931664,17.92468711127434,22.884799224630477,34.11449747348934,13284,16.883333333333333,21.844999999999953,35.26700000000001,"(np.float64(1.076427272125887), np.float64(0.014706771272225916), np.float64(8.252718834913477))"
LATI,Tirana,negative,Log-Logistic,0.03432626759041657,4.9228552892536834e-14,82893.64900820144,82916.13195494893,19.13791175756748,28.62136735751918,69.02063280133169,13284,16.883333333333333,21.844999999999953,35.26700000000001,"(np.float64(1.8976871398362065), np.float64(-0.5156989351389456), np.float64(6.1744366452980755))"
LATI,Tirana,negative,Burr XII,0.015857969915081427,0.002481528526637182,81668.37119217755,81698.34845450753,17.622397361566936,22.78898134758754,35.449250274215885,13284,16.883333333333333,21.844999999999953,35.26700000000001,"(np.float64(1.1567550665120954), np.float64(10.497318766272233), np.float64(0.01005008135278535), np.float64(59.35628237030266))"
LATI,Tirana,negative,Generalized Gamma,0.01795595837519287,0.00037625061068855236,81755.36701474727,81785.34427707725,17.895026546946443,22.987414119013227,34.73766555896939,13284,16.883333333333333,21.844999999999953,35.26700000000001,"(np.float64(1.1689883060121502), np.float64(0.9857083463368164), np.float64(0.011184461280197889), np.float64(6.810627909095221))"
LATI,Tirana,negative,Exponential,0.042466914527704736,2.9651439804178477e-21,81876.88058231372,81891.86921347871,18.47779807366242,24.035152381062527,36.93892948065817,13284,16.883333333333333,21.844999999999953,35.26700000000001,"(0.016666666666666666, 8.01756749974907)"
LATI,Tirana,negative,Lomax,0.042841405625420825,1.2677313947381973e-21,81878.74667743522,81901.22962418271,18.482893831771133,24.05631467929536,37.02340267142637,13284,16.883333333333333,21.844999999999953,35.26700000000001,"(np.float64(573.5670657692172), np.float64(0.016666666666662083), np.float64(4590.655067693252))"
LATI,Tirana,negative,Inverse Gaussian,0.03260338999428358,1.056480436884957e-12,82368.06100054941,82390.5439472969,17.732272615953686,23.67794121453145,38.795533016185956,13284,16.883333333333333,21.844999999999953,35.26700000000001,"(np.float64(0.7136071494710388), np.float64(-1.4936665141562417), np.float64(13.351751034092224))"
LATI,Tirana,negative,Beta,0.04336884396367402,3.782632874898886e-22,-67049.44304226192,-67019.46577993194,15.063708595111834,18.579191017924266,26.422865846857103,13284,16.883333333333333,21.844999999999953,35.26700000000001,"(np.float64(1.8137237230986383), np.float64(781386421111559.4), np.float64(-0.000957501396810163), np.float64(11696616142032.012))"
LATI,Tirana,negative,Pareto,0.042845684257058425,1.2554296876754263e-21,81878.74667374368,81901.22962049117,18.482584439952007,24.05590244303312,37.0227342199687,13284,16.883333333333333,21.844999999999953,35.26700000000001,"(np.float64(573.9404669330503), np.float64(-4593.556028244068), 4593.572694910735)"
LATI,Tirana,negative,Chi-Square,0.5033702788756405,0.0,103869.43990036222,103891.92284710972,5.86217180253334,8.48443369091198,15.015503070643373,13284,16.883333333333333,21.844999999999953,35.26700000000001,"(np.float64(0.8782299301128913), np.float64(0.016666666666666663), np.float64(2.3972593261423265))"
LATI,Tirana,negative,F-Distribution,0.021022404658364358,1.5676806018099995e-05,81718.33523637144,81748.31249870142,17.829195536462397,23.11320727633108,35.82447744625525,13284,16.883333333333333,21.844999999999953,35.26700000000001,"(np.float64(2.38876860319161), np.float64(50.0533942176496), np.float64(0.007885269630751139), np.float64(7.699815683940324))"
LATI,Tirana,negative,T-Distribution,0.13417323264411116,5.105263178306085e-209,87756.30641624157,87778.78936298906,13.888461515817774,17.151752154356643,26.95798102528964,13284,16.883333333333333,21.844999999999953,35.26700000000001,"(np.float64(3.1059998190022444), np.float64(6.303908987591134), np.float64(4.673821502928753))"
LATI,Tirana,negative,Normal,0.1600671200818653,8.383396581772905e-298,93162.2619403456,93177.2505715106,18.369289070643145,21.299133528258416,26.795034473602485,13284,16.883333333333333,21.844999999999953,35.26700000000001,"(np.float64(8.034234166415738), np.float64(8.064486191654321))"
LATI,Tirana,negative,Uniform,0.8808539503028562,0.0,150036.00769513866,150050.99632630366,255.1366666666667,269.31,280.64866666666666,13284,16.883333333333333,21.844999999999953,35.26700000000001,"(np.float64(0.016666666666666666), np.float64(283.4666666666667))"
LATI,Tirana,negative,Laplace,0.15745117118448224,4.144665705179585e-288,88751.2106834946,88766.19931465959,14.373818010472291,17.973047186520926,26.33019853032655,13284,16.883333333333333,21.844999999999953,35.26700000000001,"(np.float64(6.016666666666667), np.float64(5.19259008330824))"
LATI,Tirana,negative,Logistic,0.13456100170776897,3.1315639242147945e-210,88863.90464173451,88878.8932728995,15.160037604057813,17.948137017936915,24.107363014618727,13284,16.883333333333333,21.844999999999953,35.26700000000001,"(np.float64(6.961479678478881), np.float64(3.7313245128171473))"
LQSA,Sarajevo,positive,Log-Normal,0.027403599653581523,1.329418019680706e-06,67035.1978570269,67056.66138848795,27.55305265049273,37.310099768102624,65.26651217080648,9457,26.496666666666655,34.86999999999998,56.09600000000003,"(np.float64(0.7942093528570535), -1.6181843392066768, np.float64(10.54195436644112))"
LQSA,Sarajevo,positive,Gamma,0.7881911287062887,0.0,134968.40812273463,134989.87165419568,2.070002129382198,3.5053490396845,7.450454113198738,9457,26.496666666666655,34.86999999999998,56.09600000000003,"(np.float64(0.20204467235459522), np.float64(0.016666666666666663), np.float64(3.3600050176380982))"
LQSA,Sarajevo,positive,Weibull,0.023335637894549982,6.618388635556696e-05,66726.16935949189,66747.63289095294,27.95567571598427,35.51827936846768,52.52642308154189,9457,26.496666666666655,34.86999999999998,56.09600000000003,"(np.float64(1.0985765054666472), np.float64(0.015185950690887857), np.float64(13.07736805837193))"
LQSA,Sarajevo,positive,Log-Logistic,0.03339213197219726,1.3493848359007716e-09,67318.81321971465,67340.2767511757,29.128842442887553,42.914566195762156,100.04265841675254,9457,26.496666666666655,34.86999999999998,56.09600000000003,"(np.float64(1.9779454758678892), np.float64(-0.9033393795494187), np.float64(9.888846228755455))"
LQSA,Sarajevo,positive,Burr XII,0.016037894574408407,0.01525792792696391,66629.0464171784,66657.66445912646,27.3820079953526,35.50623203285436,56.04450111074875,9457,26.496666666666655,34.86999999999998,56.09600000000003,"(np.float64(1.2116599269056003), np.float64(7.113117166764906), np.float64(0.007967192038747229), np.float64(60.53926709539637))"
LQSA,Sarajevo,positive,Generalized Gamma,0.021319515329218774,0.00036392663224051465,66697.05955151984,66725.6775934679,27.89794973421981,35.85401882993881,54.38299738819578,9457,26.496666666666655,34.86999999999998,56.09600000000003,"(np.float64(1.336896519373398), np.float64(0.9319873693944314), np.float64(0.00678951195302994), np.float64(9.01374542079763))"
LQSA,Sarajevo,positive,Exponential,0.05693981450854732,4.3070322251089596e-27,66859.3320023816,66873.64102335564,29.058383327725615,37.80081116827874,58.10009998878455,9457,26.496666666666655,34.86999999999998,56.09600000000003,"(0.016666666666666666, 12.612657290895632)"
LQSA,Sarajevo,positive,Lomax,0.07626194024500471,2.7861419853760194e-48,66918.37610827379,66939.83963973484,26.91488760602157,35.0120589387896,53.813108545505244,9457,26.496666666666655,34.86999999999998,56.09600000000003,"(np.float64(481339736968.05225), np.float64(0.016666666666562226), np.float64(5622889955824.189))"
LQSA,Sarajevo,positive,Inverse Gaussian,0.027037535120686518,1.9387381806030245e-06,67018.3093185763,67039.77285003735,27.64041117101612,36.71574738853792,59.67025516052596,9457,26.496666666666655,34.86999999999998,56.09600000000003,"(np.float64(0.6806625319836151), np.float64(-2.3795618862043133), np.float64(22.050403516987153))"
LQSA,Sarajevo,positive,Beta,0.02197490474321409,0.00021266896101229733,-33475.657624277694,-33447.039582329635,28.337077024180154,36.255232922185066,54.440788695675856,9457,26.496666666666655,34.86999999999998,56.09600000000003,"(np.float64(1.16545928411955), np.float64(5561454.6263036085), np.float64(0.000481779499270476), np.float64(304543.01775898796))"
LQSA,Sarajevo,positive,Pareto,0.056939833319831795,4.3068574141610384e-27,66861.3320536713,66882.79558513235,29.05838380753994,37.80081303417683,58.10010726749897,9457,26.496666666666655,34.86999999999998,56.09600000000003,"(np.float64(10641511.709477631), np.float64(-134217727.98333333), 134217728.0)"
LQSA,Sarajevo,positive,Chi-Square,0.6276775311213443,0.0,96599.72657201393,96621.19010347498,5.745918101516843,8.5840744586267,15.795016636148434,9457,26.496666666666655,34.86999999999998,56.09600000000003,"(np.float64(0.7275915605846639), np.float64(0.016666666666666663), np.float64(2.7434204627137184))"
LQSA,Sarajevo,positive,F-Distribution,0.0216273071961936,0.0002833501631086639,66667.71443925903,66696.3324812071,27.747314931701784,35.97912007291597,56.07419040498435,9457,26.496666666666655,34.86999999999998,56.09600000000003,"(np.float64(2.535161704242635), np.float64(36.486102296166166), np.float64(0.0025398926902760973), np.float64(11.92756289061346))"
LQSA,Sarajevo,positive,T-Distribution,0.13175869619714753,1.2839431180596327e-143,70714.25370930778,70735.71724076883,21.250663581712537,26.5299990184241,43.44060584644158,9457,26.496666666666655,34.86999999999998,56.09600000000003,"(np.float64(2.7418011042875943), np.float64(9.673972086226314), np.float64(6.8897955796507135))"
LQSA,Sarajevo,positive,Normal,0.15189716651334678,5.65075493925566e-191,74254.7401362456,74269.04915721963,28.34778104542714,32.80374521861282,41.162392944152344,9457,26.496666666666655,34.86999999999998,56.09600000000003,"(np.float64(12.629323957562299), np.float64(12.26517723552171))"
LQSA,Sarajevo,positive,Uniform,0.7774706502949743,0.0,100165.86996798366,100180.17898895769,179.53666666666666,189.51,197.48866666666666,9457,26.496666666666655,34.86999999999998,56.09600000000003,"(np.float64(0.016666666666666666), np.float64(199.46666666666664))"
LQSA,Sarajevo,positive,Laplace,0.15466916973693856,4.973515828966061e-198,71419.3168258171,71433.62584679114,22.350137653994942,27.913102480125012,40.82990680078662,9457,26.496666666666655,34.86999999999998,56.09600000000003,"(np.float64(9.433333333333334), np.float64(8.025661767297592))"
LQSA,Sarajevo,positive,Logistic,0.1326833571644626,1.2132554048597957e-145,71679.49246581036,71693.80148678439,23.591523103490935,27.914695704410132,37.46507146905233,9457,26.496666666666655,34.86999999999998,56.09600000000003,"(np.float64(10.87899900392928), np.float64(5.785719052430015))"
LQSA,Sarajevo,negative,Log-Normal,0.0354384273275451,5.230041595881571e-06,31785.24319370717,31804.858295987113,17.985760567682767,24.62863652375844,44.00399897906262,5107,17.366666666666667,21.694999999999997,38.27133333333325,"(np.float64(0.8268883267907866), -0.9715328167453083, np.float64(6.569834900765959))"
LQSA,Sarajevo,negative,Gamma,0.7660534657422963,0.0,59801.33773692927,59820.95283920922,1.479607902300339,2.670184643073339,6.0764795455885485,5107,17.366666666666667,21.694999999999997,38.27133333333325,"(np.float64(0.1610638617619467), np.float64(0.016666666666666663), np.float64(3.037033421753506))"
LQSA,Sarajevo,negative,Weibull,0.02104228452406287,0.02141501989062406,31523.85131932745,31543.46642160739,18.14166360831438,23.231757110095497,34.80285157227728,5107,17.366666666666667,21.694999999999997,38.27133333333325,"(np.float64(1.0632920011532438), np.float64(0.015137769338235425), np.float64(8.272935141581794))"
LQSA,Sarajevo,negative,Log-Logistic,0.03764274694188874,1.0066463167361264e-06,31963.262839979707,31982.87794225965,19.35861951658026,29.0730637325917,70.7679396370815,5107,17.366666666666667,21.694999999999997,38.27133333333325,"(np.float64(1.8770242476373187), np.float64(-0.5085402170602878), np.float64(6.1624767267390395))"
LQSA,Sarajevo,negative,Burr XII,0.021406038270569583,0.018285593928481884,31498.498712282606,31524.652181989197,17.877942795517317,23.19132745166661,36.22580613396548,5107,17.366666666666667,21.694999999999997,38.27133333333325,"(np.float64(1.1353659732732435), np.float64(11.107358607706662), np.float64(0.011208520003286867), np.float64(65.10711411241893))"
LQSA,Sarajevo,negative,Generalized Gamma,0.22361723472680617,7.894608258850348e-225,32793.47733925771,32819.6308089643,15.842549447672496,23.107617972942304,43.52201495254657,5107,17.366666666666667,21.694999999999997,38.27133333333325,"(np.float64(1.628267153947344), np.float64(0.5714295580820877), np.float64(0.016666666666666663), np.float64(1.9319507224418508))"
LQSA,Sarajevo,negative,Exponential,0.04253667735605121,1.8183457116837807e-08,31551.580510000626,31564.65724485392,18.60795602608583,24.20449178133959,37.19924538550499,5107,17.366666666666667,21.694999999999997,38.27133333333325,"(0.016666666666666666, 8.074094380262384)"
LQSA,Sarajevo,negative,Lomax,0.042539316579463304,1.8141739363226783e-08,31553.580514451714,31573.195616731657,18.607783319270677,24.204267777071745,37.19890350797605,5107,17.366666666666667,21.694999999999997,38.27133333333325,"(np.float64(12106657.707039628), np.float64(0.016666666440627177), np.float64(97749379.59447059))"
LQSA,Sarajevo,negative,Inverse Gaussian,0.03566740101774657,4.427708920268646e-06,31768.53641673901,31788.151519018953,17.939472589301687,24.031579397630992,39.57350626141355,5107,17.366666666666667,21.694999999999997,38.27133333333325,"(np.float64(0.7351961089501353), np.float64(-1.4801229202472348), np.float64(13.01815175859419))"
LQSA,Sarajevo,negative,Beta,0.10646056424420747,7.400323289312842e-51,-18211.724913703445,-18185.571443996854,16.63232612337961,19.33301130952836,24.629724535014976,5107,17.366666666666667,21.694999999999997,38.27133333333325,"(np.float64(50.6176875533546), np.float64(29545236.96370153), np.float64(-0.2183051801462489), np.float64(154127.80253812275))"
LQSA,Sarajevo,negative,Pareto,0.04253670360983086,1.8183041668567292e-08,31553.58051666175,31573.195618941692,18.607956379652023,24.20449323952198,37.1992512345314,5107,17.366666666666667,21.694999999999997,38.27133333333325,"(np.float64(8311628.384525709), np.float64(-67108863.983333305), 67108863.99999997)"
LQSA,Sarajevo,negative,Chi-Square,0.04102805493989303,6.603065295420371e-08,31583.847462740137,31603.46256502008,20.161660107663362,26.416073663444823,41.00996686296517,5107,17.366666666666667,21.694999999999997,38.27133333333325,"(np.float64(1.871191125611575), np.float64(0.016666666666666663), np.float64(4.59961608732673))"
LQSA,Sarajevo,negative,F-Distribution,0.025603425150352854,0.002429068109542191,31514.665599374515,31540.819069081106,18.075169727008255,23.47296404642301,36.43317921440353,5107,17.366666666666667,21.694999999999997,38.27133333333325,"(np.float64(2.316800441732736), np.float64(54.261814718018954), np.float64(0.010117553612614478), np.float64(7.77945924058308))"
LQSA,Sarajevo,negative,T-Distribution,0.13652245208869718,1.7431284366565983e-83,33862.27408236614,33881.88918464608,13.84586080322648,17.23829884990105,27.827422796122054,5107,17.366666666666667,21.694999999999997,38.27133333333325,"(np.float64(2.878674983182912), np.float64(6.2289797122503465), np.float64(4.598031348487115))"
LQSA,Sarajevo,negative,Normal,0.15758271883376168,3.0945801058787033e-111,35785.34484184981,35798.421576703106,18.39236583419222,21.312727648444444,26.790840731880742,5107,17.366666666666667,21.694999999999997,38.27133333333325,"(np.float64(8.090761046929051), np.float64(8.03838492670052))"
LQSA,Sarajevo,negative,Uniform,0.827517253910179,0.0,52827.88984498548,52840.96657983878,158.61166666666665,167.42249999999999,174.47116666666665,5107,17.366666666666667,21.694999999999997,38.27133333333325,"(np.float64(0.016666666666666666), np.float64(176.21666666666664))"
LQSA,Sarajevo,negative,Laplace,0.1599775083498564,1.1967839896116175e-114,34235.9119104425,34248.988645295794,14.450347403841098,18.089713938251812,26.54006134209291,5107,17.366666666666667,21.694999999999997,38.27133333333325,"(np.float64(6.0), np.float64(5.250496051171594))"
LQSA,Sarajevo,negative,Logistic,0.13713480789161048,3.1013902148846844e-84,34336.43974939603,34349.516484249325,15.27565799250317,18.100304473158488,24.340267061466115,5107,17.366666666666667,21.694999999999997,38.27133333333325,"(np.float64(6.969631429872334), np.float64(3.78023559735553))"
LBSF,Sofia,positive,Log-Normal,0.029708886150201064,2.569503244636179e-26,231184.2798494795,231209.56050097992,25.074818590803854,34.93570898868555,64.58500766214217,33755,23.9,32.21666666666667,55.53066666666661,"(np.float64(0.8825841123307113), -1.0111037300753665, np.float64(8.41754942096716))"
LBSF,Sofia,positive,Gamma,0.827172786045082,0.0,493934.685653765,493959.96630526544,1.0532094667182565,2.1457126348111455,5.521185983678429,33755,23.9,32.21666666666667,55.53066666666661,"(np.float64(0.11439826653202645), np.float64(0.016666666666666663), np.float64(3.243030600258617))"
LBSF,Sofia,positive,Weibull,0.023309882405222027,2.3006163007998047e-16,230246.5944022389,230271.87505373932,25.418085911899862,32.844521758692764,49.93286531696593,33755,23.9,32.21666666666667,55.53066666666661,"(np.float64(1.0260730765011348), np.float64(0.016325745053837812), np.float64(11.268139651831511))"
LBSF,Sofia,positive,Log-Logistic,0.03005148052689577,6.4453498440240704e-27,232115.4952607479,232140.77591224833,26.822308945488057,41.06250994462373,104.52533211284388,33755,23.9,32.21666666666667,55.53066666666661,"(np.float64(1.7800466928018097), np.float64(-0.47789767815409756), np.float64(7.944904823866314))"
LBSF,Sofia,positive,Burr XII,0.013968064591888207,3.770466498056843e-06,229724.20211277722,229757.90964811112,24.708190685986917,32.78965193881331,54.32703765026849,33755,23.9,32.21666666666667,55.53066666666661,"(np.float64(1.1587313856731254), np.float64(5.750803682170339), np.float64(0.011778436309256186), np.float64(45.515380380293195))"
LBSF,Sofia,positive,Generalized Gamma,0.019127124734351686,3.7012120539072745e-11,230019.79670335256,230053.50423868647,25.292588153504298,33.25579276040577,52.56341964570747,33755,23.9,32.21666666666667,55.53066666666661,"(np.float64(1.5437604269378002), np.float64(0.8057828672520511), np.float64(0.007352782569062579), np.float64(5.982721511978745))"
LBSF,Sofia,positive,Exponential,0.0289840553359412,4.54820841516454e-25,230281.25782363192,230298.1115912989,25.679455599003987,33.40472484003114,51.3422445313413,33755,23.9,32.21666666666667,55.53066666666661,"(0.016666666666666666, 11.14520762356194)"
LBSF,Sofia,positive,Lomax,0.03713602785711237,6.989638205941414e-41,230184.07047998224,230209.35113148266,25.808550370405825,34.05535088766497,54.1203421075797,33755,23.9,32.21666666666667,55.53066666666661,"(np.float64(24.70093767850481), np.float64(0.01666666666665768), np.float64(263.98632654878486))"
LBSF,Sofia,positive,Inverse Gaussian,0.028851840675074514,7.623552958842585e-25,231207.02659335837,231232.3072448588,25.144720786581974,34.22560582386651,57.82249080431442,33755,23.9,32.21666666666667,55.53066666666661,"(np.float64(0.8611109979066571), np.float64(-1.6890926863410836), np.float64(14.923702376471656))"
LBSF,Sofia,positive,Beta,0.02129420440366847,9.97727565865779e-14,-162121.4014127006,-162087.6938773667,25.33389115845495,32.652955162260795,49.5564702429722,33755,23.9,32.21666666666667,55.53066666666661,"(np.float64(1.0760426024278669), np.float64(18501.504012823378), np.float64(0.0004954593802764149), np.float64(573.2256641893914))"
LBSF,Sofia,positive,Pareto,0.0371360424375802,6.989126847736862e-41,230184.07047998213,230209.35113148254,25.80854994238416,34.05535088573538,54.12034421327053,33755,23.9,32.21666666666667,55.53066666666661,"(np.float64(24.700909567357726), np.float64(-263.9693408485081), 263.9860075151748)"
LBSF,Sofia,positive,Chi-Square,0.577292645966589,0.0,319271.43349802133,319296.7141495218,5.7608533545416964,8.534380171467207,15.544204730561978,33755,23.9,32.21666666666667,55.53066666666661,"(np.float64(0.7632694367344214), np.float64(0.016666666666666663), np.float64(2.64277576671553))"
LBSF,Sofia,positive,F-Distribution,0.018338115927647336,2.725147864526303e-10,229819.0734830041,229852.781018338,24.995986606325822,33.1443248155479,54.175510535209156,33755,23.9,32.21666666666667,55.53066666666661,"(np.float64(2.38886674838758), np.float64(20.31111098504093), np.float64(0.01003812970552854), np.float64(10.03570793612987))"
LBSF,Sofia,positive,T-Distribution,0.1460078448187307,0.0,246230.9599371067,246256.24058860712,18.376422960775912,23.496485907345434,41.31604486887109,33755,23.9,32.21666666666667,55.53066666666661,"(np.float64(2.377320978427967), np.float64(7.974297543666166), np.float64(5.908208734600555))"
LBSF,Sofia,positive,Normal,0.17705536886440637,0.0,263707.0098610822,263723.86362874915,26.575710205583803,30.945318509137415,39.14197698493597,33755,23.9,32.21666666666667,55.53066666666661,"(np.float64(11.161874290228608), np.float64(12.027480071631004))"
LBSF,Sofia,positive,Uniform,0.8556537087426551,0.0,392243.34733149264,392260.2010991596,300.3016666666667,316.9841666666667,330.3301666666667,33755,23.9,32.21666666666667,55.53066666666661,"(np.float64(0.016666666666666666), np.float64(333.65000000000003))"
LBSF,Sofia,positive,Laplace,0.1716080833219128,0.0,249597.08327429148,249613.93704195844,19.889657230979626,25.031787711794024,36.97144494277365,33755,23.9,32.21666666666667,55.53066666666661,"(np.float64(7.95), np.float64(7.418526144274922))"
LBSF,Sofia,positive,Logistic,0.14893161039453465,0.0,251444.98936667218,251461.84313433914,21.144995357778317,25.151713762372204,34.0030065233513,33755,23.9,32.21666666666667,55.53066666666661,"(np.float64(9.363022029272532), np.float64(5.362207145338565))"
LBSF,Sofia,negative,Log-Normal,0.03552277472852572,7.763199662558332e-38,224623.89117747446,224649.20356688308,21.145092889855327,28.26066876545759,48.17239488214238,34114,20.2,25.25,39.27900000000009,"(np.float64(0.750738055361533), -1.547426391145673, np.float64(8.670494222530138))"
LBSF,Sofia,negative,Gamma,0.8644180521575,0.0,499467.5138504795,499492.8262398881,0.5858880480687767,1.4441735491273888,4.45106735271862,34114,20.2,25.25,39.27900000000009,"(np.float64(0.07705552927417522), np.float64(0.016666666666666663), np.float64(3.192442339890855))"
LBSF,Sofia,negative,Weibull,0.020027953700310852,2.5625699570720328e-12,223297.31185431915,223322.62424372777,21.570914280223977,27.29780391009666,40.10899319985299,34114,20.2,25.25,39.27900000000009,"(np.float64(1.116988842498724), np.float64(0.013763369459113592), np.float64(10.216747564486045))"
LBSF,Sofia,negative,Log-Logistic,0.035728022552033,2.860308744030878e-38,225846.83887153564,225872.15126094426,22.471462058562857,32.600072755455116,73.28331439385734,34114,20.2,25.25,39.27900000000009,"(np.float64(2.0776108818492673), np.float64(-0.9294914636147893), np.float64(8.127099193498669))"
LBSF,Sofia,negative,Burr XII,0.019180887729170537,2.472880932970928e-11,222834.69318164772,222868.44303419252,21.05304068053342,27.012195575947477,41.66130176246558,34114,20.2,25.25,39.27900000000009,"(np.float64(1.2296776126755464), np.float64(8.411971023830755), np.float64(0.002024088553725805), np.float64(53.87894207958533))"
LBSF,Sofia,negative,Generalized Gamma,0.0316207821914537,4.551683480107576e-30,223565.3481468576,223599.0979994024,21.422299880453735,27.942475818899897,44.02988446110973,34114,20.2,25.25,39.27900000000009,"(np.float64(2.7272325837013276), np.float64(0.6618758140283933), np.float64(-0.15733441249993002), np.float64(1.9311799601735051))"
LBSF,Sofia,negative,Exponential,0.058231433100745356,5.408261238690431e-101,223961.74895814428,223978.62388441668,22.584436086756593,29.37801161743198,45.152205506846514,34114,20.2,25.25,39.27900000000009,"(0.016666666666666666, 9.801057728010004)"
LBSF,Sofia,negative,Lomax,0.06748923288861652,1.5206398410152614e-135,223999.40694235827,224024.7193317669,21.870264265052114,28.44885265537457,43.72386186363212,34114,20.2,25.25,39.27900000000009,"(np.float64(258719813206.62793), np.float64(0.016666666666589315), np.float64(2455483059334.0317))"
LBSF,Sofia,negative,Inverse Gaussian,0.03367167187270692,4.874140196167018e-34,224607.85407784575,224633.16646725437,21.250083959025623,27.946482708330656,44.6844777222211,34114,20.2,25.25,39.27900000000009,"(np.float64(0.6099112853446647), np.float64(-2.101489781435842), np.float64(19.54253805085118))"
LBSF,Sofia,negative,Beta,0.03265144448526791,4.944656995091085e-32,-157820.56813861115,-157786.81828606635,18.97259726186764,23.529489179302086,33.750868589629135,34114,20.2,25.25,39.27900000000009,"(np.float64(1.6652549215923917), np.float64(6337165259919.624), np.float64(-0.0005470607295427676), np.float64(131540917887.54254))"
LBSF,Sofia,negative,Pareto,0.05823144580057821,5.4077146340165555e-101,223963.74932822958,223989.0617176382,22.584436148405075,29.378012090921402,45.15220758318901,34114,20.2,25.25,39.27900000000009,"(np.float64(27388418.008224275), np.float64(-268435455.9833332), np.float64(268435455.99999985))"
LBSF,Sofia,negative,Chi-Square,0.5712510290499119,0.0,302177.93015703757,302203.24254644616,5.805907983708965,8.52136059577963,15.344409457131762,34114,20.2,25.25,39.27900000000009,"(np.float64(0.8062180346790484), np.float64(0.016666666666666663), np.float64(2.5457051492653733))"
LBSF,Sofia,negative,F-Distribution,0.025573711841148483,8.161942137307928e-20,223082.88316836345,223116.63302090825,21.408501313714968,27.59174535871812,42.47514756229649,34114,20.2,25.25,39.27900000000009,"(np.float64(2.5934782714545155), np.float64(45.152636187674375), np.float64(-0.005717470599766592), np.float64(9.377751941380282))"
LBSF,Sofia,negative,T-Distribution,0.12203254498360017,0.0,236525.9743444878,236551.2867338964,17.07650067088014,20.769011410897342,31.245036723175602,34114,20.2,25.25,39.27900000000009,"(np.float64(3.5265536140145537), np.float64(8.036653616107028), np.float64(5.743579689743521))"
LBSF,Sofia,negative,Normal,0.15495615958795955,0.0,251501.97909553477,251518.85402180717,22.18771283963622,25.694432680225095,32.272455904924215,34114,20.2,25.25,39.27900000000009,"(np.float64(9.817724394676672), np.float64(9.652353270469355))"
LBSF,Sofia,negative,Uniform,0.8632044214444412,0.0,382489.2041384,382506.0790646724,244.8616666666667,258.46416666666664,269.34616666666665,34114,20.2,25.25,39.27900000000009,"(np.float64(0.016666666666666666), np.float64(272.05))"
LBSF,Sofia,negative,Laplace,0.14485370025488828,0.0,239434.82648972282,239451.70141599522,17.52816916191684,21.789642999272466,31.68447882785597,34114,20.2,25.25,39.27900000000009,"(np.float64(7.633333333333334), np.float64(6.148007172031034))"
LBSF,Sofia,negative,Logistic,0.12395372581024194,0.0,239269.92112374486,239286.79605001726,18.303851310821337,21.59432064285211,28.86333843692387,34114,20.2,25.25,39.27900000000009,"(np.float64(8.628047325244676), np.float64(4.403648168412084))"
LBBG,Burgas,positive,Log-Normal,0.029523586222308773,2.1690521078240018e-08,72966.329957587,72988.10934852908,26.796764078455414,38.03765710524685,72.89949259250209,10507,25.516666666666666,33.56166666666665,60.59700000000045,"(np.float64(0.9391622922056125), -0.8469985907263423, np.float64(8.296346316551181))"
LBBG,Burgas,positive,Gamma,0.9602495383043306,0.0,207181.35018348513,207203.1295744272,0.016834166749785707,0.0368852238737327,1.045749462878897,10507,25.516666666666666,33.56166666666665,60.59700000000045,"(np.float64(0.01129359100352913), np.float64(0.016666666666666663), np.float64(3.328866949234677))"
LBBG,Burgas,positive,Weibull,0.48531297443276644,0.0,85930.16857326585,85951.94796420792,15.32447146840406,29.040666898523458,82.57258059458596,10507,25.516666666666666,33.56166666666665,60.59700000000045,"(np.float64(0.41133572866768076), np.float64(0.016666666666666663), np.float64(2.015249625096084))"
LBBG,Burgas,positive,Log-Logistic,0.03186783378825837,1.051103550459628e-09,73232.24371303976,73254.02310398183,28.86419641392242,45.27652094632555,121.8088444607831,10507,25.516666666666666,33.56166666666665,60.59700000000045,"(np.float64(1.6762156386808829), np.float64(-0.3548533158109535), np.float64(7.877387821801488))"
LBBG,Burgas,positive,Burr XII,0.012677164735875879,0.06770717626227063,72509.39079181175,72538.4299797345,26.20716402330232,35.381478185033636,60.91905326082114,10507,25.516666666666666,33.56166666666665,60.59700000000045,"(np.float64(1.1359842772184459), np.float64(4.8486449408069054), np.float64(0.01234852299197238), np.float64(40.60163087261822))"
LBBG,Burgas,positive,Generalized Gamma,0.02156806341803391,0.00011196115616509042,72674.43765894661,72703.47684686937,27.11320486649613,36.473095869310754,60.240727549182225,10507,25.516666666666666,33.56166666666665,60.59700000000045,"(np.float64(1.984619389329449), np.float64(0.6715643272278595), np.float64(-0.0019621582691756977), np.float64(3.6191429146661096))"
LBBG,Burgas,positive,Exponential,0.02504259188182456,3.713079919565921e-06,72864.17216167139,72878.69175563277,27.163298272375247,35.33524866693338,54.309929878083814,10507,25.516666666666666,33.56166666666665,60.59700000000045,"(0.016666666666666666, 11.789632308619648)"
LBBG,Burgas,positive,Lomax,0.03863078081719218,4.636008140146993e-14,72626.78285523987,72648.56224618194,26.654606892984244,35.76743436954997,59.15463998922299,10507,25.516666666666666,33.56166666666665,60.59700000000045,"(np.float64(11.576329960109941), np.float64(0.01666666666656655), np.float64(121.04548243201506))"
LBBG,Burgas,positive,Inverse Gaussian,0.029769081985604684,1.5970073924015884e-08,73055.98060337035,73077.75999431242,27.125897878817014,37.631594397612226,65.50467476964714,10507,25.516666666666666,33.56166666666665,60.59700000000045,"(np.float64(1.0187730340761478), np.float64(-1.5177920052264855), np.float64(13.078575136396129))"
LBBG,Burgas,positive,Beta,0.026192501980824234,1.0754118805207656e-06,-58110.814773018734,-58081.77558509598,27.571959160785863,35.83346005072324,54.98618072613728,10507,25.516666666666666,33.56166666666665,60.59700000000045,"(np.float64(0.9805093623591699), np.float64(381.5720645262437), np.float64(0.0004999999999999999), np.float64(9.048045369330346))"
LBBG,Burgas,positive,Pareto,0.034460353321384696,2.8237889603549704e-11,72622.0122982395,72643.79168918157,27.284626501398492,36.71067250693821,61.10378012147004,10507,25.516666666666666,33.56166666666665,60.59700000000045,"(np.float64(10.694033257154487), np.float64(-113.48045430271196), 113.49712096937863)"
LBBG,Burgas,positive,Chi-Square,0.5722673634139813,0.0,102138.76157918337,102160.54097012544,5.739824379227869,8.502898527214745,15.486151273243339,10507,25.516666666666666,33.56166666666665,60.59700000000045,"(np.float64(0.7634245480411053), np.float64(0.016666666666666663), np.float64(2.63265626329305))"
LBBG,Burgas,positive,F-Distribution,0.017418297256890203,0.0033649327686418855,72539.7090048288,72568.74819275155,26.52229910492728,35.811019813390004,60.9885205497296,10507,25.516666666666666,33.56166666666665,60.59700000000045,"(np.float64(2.329216449219256), np.float64(14.461025925139676), np.float64(0.011137239741304547), np.float64(10.074308171503942))"
LBBG,Burgas,positive,T-Distribution,0.15507546964975338,3.98337963914164e-221,78038.98281535396,78060.76220629603,19.04404183479253,24.674235701593915,45.04405764452279,10507,25.516666666666666,33.56166666666665,60.59700000000045,"(np.float64(2.237426166448108), np.float64(8.009359242463274), np.float64(6.128441245502621))"
LBBG,Burgas,positive,Normal,0.23124015367957684,0.0,88144.24822153055,88158.76781549193,32.369259189057836,38.19857268306152,49.13339533520955,10507,25.516666666666666,33.56166666666665,60.59700000000045,"(np.float64(11.806298975286316), np.float64(16.045363110327294))"
LBBG,Burgas,positive,Uniform,0.8899975941592368,0.0,130971.97452732225,130986.49412128363,458.1016666666667,483.5508333333333,503.91016666666667,10507,25.516666666666666,33.56166666666665,60.59700000000045,"(np.float64(0.016666666666666666), np.float64(508.98333333333335))"
LBBG,Burgas,positive,Laplace,0.18647271675670357,2.598e-320,79526.74317559646,79541.26276955784,21.02684540297048,26.637202343676,39.664047746646474,10507,25.516666666666666,33.56166666666665,60.59700000000045,"(np.float64(8.0), np.float64(8.094034135972842))"
LBBG,Burgas,positive,Logistic,0.16120212362184397,5.175914868852789e-239,80351.30253008913,80365.82212405051,22.56924163240566,26.950225380037757,36.62831248666423,10507,25.516666666666666,33.56166666666665,60.59700000000045,"(np.float64(9.68672071253321), np.float64(5.863087939554376))"
LBBG,Burgas,negative,Log-Normal,0.03223048044153787,1.972010651683924e-11,80122.18816798733,80144.41205088551,20.85074330071013,27.45023106641806,45.44312435486632,12185,20.1,25.233333333333334,37.52199999999999,"(np.float64(0.7027355680629872), -1.8391653659501386, np.float64(9.219570067887112))"
LBBG,Burgas,negative,Gamma,0.9055510394789028,0.0,193138.12799786442,193160.35188076258,0.19964285410491991,0.7402480292390909,3.28636589368464,12185,20.1,25.233333333333334,37.52199999999999,"(np.float64(0.044122710824214206), np.float64(0.016666666666666663), np.float64(3.2476310320846586))"
LBBG,Burgas,negative,Weibull,0.024234659053273655,1.1947466656357024e-06,79746.8840388517,79769.10792174988,21.391028009509355,26.861097113513644,38.97022279308993,12185,20.1,25.233333333333334,37.52199999999999,"(np.float64(1.15506735454719), np.float64(0.012616613296182664), np.float64(10.38453514302011))"
LBBG,Burgas,negative,Log-Logistic,0.03321436544047385,4.100356856452071e-12,80536.35935476838,80558.58323766656,21.880733051620894,31.0313555173557,66.20330670966763,12185,20.1,25.233333333333334,37.52199999999999,"(np.float64(2.2372619616796108), np.float64(-1.1963785232336606), np.float64(8.642889781215537))"
LBBG,Burgas,negative,Burr XII,0.01892116243060521,0.0003207923563103169,79561.68399333951,79591.31583720374,20.838038628419863,26.50064619900273,40.280250684837064,12185,20.1,25.233333333333334,37.52199999999999,"(np.float64(1.2825276404353567), np.float64(8.120244470387675), np.float64(-0.011610664720980334), np.float64(49.74298529662029))"
LBBG,Burgas,negative,Generalized Gamma,0.12279948836172816,1.3459913118647247e-160,80937.99812172416,80967.62996558839,22.82010902755155,31.857263443390597,56.669895164819735,12185,20.1,25.233333333333334,37.52199999999999,"(np.float64(3.2687562277675557), np.float64(0.4857391355275882), np.float64(0.004173748689206929), np.float64(0.6356067026756498))"
LBBG,Burgas,negative,Exponential,0.0739959082170345,1.818316017654327e-58,80146.10496267775,80160.92088460988,22.721736722729908,29.556643863257,45.42680677879314,12185,20.1,25.233333333333334,37.52199999999999,"(0.016666666666666666, 9.860686636575021)"
LBBG,Burgas,negative,Lomax,0.07210733947067954,1.5397725731959525e-55,80148.66138947374,80170.88527237192,22.873602627286566,29.75437219195622,45.731284815874055,12185,20.1,25.233333333333334,37.52199999999999,"(np.float64(70621.83635389693), np.float64(0.016665688369429624), np.float64(701026.2292085402))"
LBBG,Burgas,negative,Inverse Gaussian,0.03131988245298545,8.089221472116691e-11,80124.67396205445,80146.89784495263,21.00917307109046,27.291529701608212,42.77833765918707,12185,20.1,25.233333333333334,37.52199999999999,"(np.float64(0.5334213005650278), np.float64(-2.360609412991135), np.float64(22.94238682546836))"
LBBG,Burgas,negative,Beta,0.039576843146664986,5.087152591404083e-17,-61546.349831784115,-61516.71798791988,18.352407453266395,22.189491471251607,30.57231968818945,12185,20.1,25.233333333333334,37.52199999999999,"(np.float64(2.599344670849043), np.float64(37078619672962.41), np.float64(-0.003833451241161718), np.float64(441729582584.2567))"
LBBG,Burgas,negative,Pareto,0.0739959206632817,1.818234185489111e-58,80148.10511745104,80170.32900034921,22.721736818552017,29.5566443502903,45.426808923482895,12185,20.1,25.233333333333334,37.52199999999999,"(np.float64(27222796.512241833), np.float64(-268435455.98333332), np.float64(268435455.99999997))"
LBBG,Burgas,negative,Chi-Square,0.5840659997126522,0.0,108752.23286871423,108774.45675161241,5.832922487046724,8.548141635579638,15.364142132885869,12185,20.1,25.233333333333334,37.52199999999999,"(np.float64(0.813525071530768), np.float64(0.016666666666666663), np.float64(2.538706166777125))"
LBBG,Burgas,negative,F-Distribution,0.02644347830796978,7.790855597744055e-08,79671.71907979237,79701.3509236566,21.204610753159617,27.11144494444772,41.187007305642126,12185,20.1,25.233333333333334,37.52199999999999,"(np.float64(2.781911889050681), np.float64(50.95838945639372), np.float64(-0.034912642949995104), np.float64(9.513091563866189))"
LBBG,Burgas,negative,T-Distribution,0.11486549811199256,1.6402035043489396e-140,84025.34629552781,84047.57017842599,17.10674475776075,20.699943739869926,30.77242355172393,12185,20.1,25.233333333333334,37.52199999999999,"(np.float64(3.629196029066682), np.float64(8.214422911302396), np.float64(5.685583909121116))"
LBBG,Burgas,negative,Normal,0.1482290672935661,3.701574423056683e-234,89304.90214199189,89319.71806392401,21.98105575016247,25.412287210406575,31.848706787915148,12185,20.1,25.233333333333334,37.52199999999999,"(np.float64(9.877353303241689), np.float64(9.444569202158686))"
LBBG,Burgas,negative,Uniform,0.8881674877422386,0.0,142537.99472836865,142552.81065030076,312.13666666666666,329.47666666666663,343.34866666666665,12185,20.1,25.233333333333334,37.52199999999999,"(np.float64(0.016666666666666666), np.float64(346.8))"
LBBG,Burgas,negative,Laplace,0.1357059106921375,3.5321552006782424e-196,85009.82024177285,85024.63616370497,17.5545076827299,21.726833706690247,31.414674722753475,12185,20.1,25.233333333333334,37.52199999999999,"(np.float64(7.866666666666666), np.float64(6.01939406373957))"
LBBG,Burgas,negative,Logistic,0.11650567752757779,1.492480385477627e-144,84900.21075412651,84915.02667605864,18.221179284572965,21.442142641483336,28.55761389888741,12185,20.1,25.233333333333334,37.52199999999999,"(np.float64(8.749761398129573), np.float64(4.310628046007913))"
LDZA,Zagreb,positive,Log-Normal,0.029491561861871407,1.2540715270121664e-22,199525.91356872654,199550.7770622186,24.095544456675963,33.20107880594159,60.05972295916404,29373,23.05,30.473333333333297,51.071333333333314,"(np.float64(0.8475105791051395), -1.1577547041420313, np.float64(8.523510594238466))"
LDZA,Zagreb,positive,Gamma,0.7607536805977383,0.0,384158.6566398773,384183.52013336937,2.0303231592462923,3.413874934224769,7.200205820085799,29373,23.05,30.473333333333297,51.071333333333314,"(np.float64(0.20756633438918623), np.float64(0.016666666666666663), np.float64(3.2076967806735706))"
LDZA,Zagreb,positive,Weibull,0.0188541179345727,1.6811088508818749e-09,198374.87349333105,198399.73698682312,24.349170032575998,31.255947645487797,47.00706651961526,29373,23.05,30.473333333333297,51.071333333333314,"(np.float64(1.053233518712255), np.float64(0.01581912891644549), np.float64(11.02284438160234))"
LDZA,Zagreb,positive,Log-Logistic,0.031046238537096482,4.962554780804197e-25,200415.05844600848,200439.92193950055,25.76902631611976,38.92337809028766,96.04970612514776,29373,23.05,30.473333333333297,51.071333333333314,"(np.float64(1.8455838996165592), np.float64(-0.5870235356717568), np.float64(8.013815501132077))"
LDZA,Zagreb,positive,Burr XII,0.018150722409404685,7.762045158007427e-09,198376.47672996088,198409.62805461697,24.335378026833453,31.224688228461638,46.92796933132626,29373,23.05,30.473333333333297,51.071333333333314,"(np.float64(1.0552243935897279), np.float64(8766.889509417266), np.float64(0.015844465418005806), np.float64(60136.95074323537))"
LDZA,Zagreb,positive,Generalized Gamma,0.019874114778472507,1.6493227412118617e-10,198295.42487177448,198328.57619643057,24.292989867748336,31.532696377595983,48.601820877135744,29373,23.05,30.473333333333297,51.071333333333314,"(np.float64(1.308826891619769), np.float64(0.9040852698793751), np.float64(0.010797329383155658), np.float64(7.713871315542703))"
LDZA,Zagreb,positive,Exponential,0.037565331501623445,1.8891117048527083e-36,198500.6844517041,198517.26011403213,24.868448839851546,32.34958071968758,49.72023101303642,29373,23.05,30.473333333333297,51.071333333333314,"(0.016666666666666666, 10.792991863275796)"
LDZA,Zagreb,positive,Lomax,0.03942253321155054,4.221156286388963e-40,198498.74676102324,198523.6102545153,24.900841158069387,32.492655935313856,50.30292492374539,29373,23.05,30.473333333333297,51.071333333333314,"(np.float64(111.7804799388127), np.float64(0.0166666666643736), np.float64(1195.6189450174895))"
LDZA,Zagreb,positive,Inverse Gaussian,0.029510206053096344,1.1755493278272186e-22,199476.6429366826,199501.50643017466,24.09663776718447,32.46445239128804,53.95696251908929,29373,23.05,30.473333333333297,51.071333333333314,"(np.float64(0.7800346815443725), np.float64(-1.830189348980369), np.float64(16.204213100810534))"
LDZA,Zagreb,positive,Beta,0.07963386709424342,1.8110800307021307e-162,-103819.81456038705,-103786.66323573096,20.166622879191223,23.924815506086848,31.813190127244365,29373,23.05,30.473333333333297,51.071333333333314,"(np.float64(5.801485091034847), np.float64(373173427202589.0), np.float64(-0.03654485022723274), np.float64(5536371297494.603))"
LDZA,Zagreb,positive,Pareto,0.039422125417961695,4.22914344800189e-40,198498.7467609403,198523.61025443237,24.900879636184982,32.49270525280235,50.30299804166566,29373,23.05,30.473333333333297,51.071333333333314,"(np.float64(111.78147097197689), np.float64(-1195.614836915074), 1195.6315035817406)"
LDZA,Zagreb,positive,Chi-Square,0.5742419386078235,0.0,272696.676256669,272721.53975016106,5.823120039248069,8.587125759912764,15.552792318727738,29373,23.05,30.473333333333297,51.071333333333314,"(np.float64(0.7839885126688131), np.float64(0.016666666666666663), np.float64(2.6127881651448495))"
LDZA,Zagreb,positive,F-Distribution,0.02034925412597738,5.363964186629359e-11,198192.08535295687,198225.23667761296,24.133208500998666,31.6064136558538,50.14684660064366,29373,23.05,30.473333333333297,51.071333333333314,"(np.float64(2.375239529252248), np.float64(30.607024922228334), np.float64(0.00992561786231148), np.float64(10.086809859978203))"
LDZA,Zagreb,positive,T-Distribution,0.1407374897333032,0.0,211965.44590851228,211990.30940200435,18.100964940322992,22.856165709906477,38.64003027371066,29373,23.05,30.473333333333297,51.071333333333314,"(np.float64(2.5729340101524887), np.float64(8.008675782354533), np.float64(5.888409966972663))"
LDZA,Zagreb,positive,Normal,0.1623081907732597,0.0,223998.57965536433,224015.15531769238,24.851847155582888,28.832612511826177,36.29986628623911,29373,23.05,30.473333333333297,51.071333333333314,"(np.float64(10.809658529942464), np.float64(10.957178004517626))"
LDZA,Zagreb,positive,Uniform,0.8035325483327012,0.0,313298.81498991686,313315.3906522449,186.3766666666667,196.73,205.01266666666666,29373,23.05,30.473333333333297,51.071333333333314,"(np.float64(0.016666666666666666), np.float64(207.06666666666666))"
LDZA,Zagreb,positive,Laplace,0.1642981631507181,0.0,214355.7992318326,214372.37489416066,19.259579438249613,24.159061954510797,35.535308059427074,29373,23.05,30.473333333333297,51.071333333333314,"(np.float64(7.883333333333334), np.float64(7.068459129132195))"
LDZA,Zagreb,positive,Logistic,0.14200804226025965,0.0,215483.40872480485,215499.9843871329,20.409999118227184,24.22342185301831,32.64770268301364,29373,23.05,30.473333333333297,51.071333333333314,"(np.float64(9.196422216962373), np.float64(5.103518783163924))"
LDZA,Zagreb,negative,Log-Normal,0.03683702338238648,4.962218794123459e-26,132959.40074761104,132983.3571942113,16.87953013117028,22.702638454471558,39.17632978942152,21709,16.23666666666668,20.266666666666666,30.683333333333334,"(np.float64(0.7708130025215718), -1.1386262753589018, np.float64(6.709626784447243))"
LDZA,Zagreb,negative,Gamma,0.860397350170163,0.0,290370.4121743911,290394.36862099136,0.46999104863894825,1.2259349188554483,3.9807957093927824,21709,16.23666666666668,20.266666666666666,30.683333333333334,"(np.float64(0.06992538693193653), np.float64(0.016666666666666663), np.float64(3.007000942970535))"
LDZA,Zagreb,negative,Weibull,0.017832800132941473,1.9909842969850234e-06,132059.11328030194,132083.0697269022,17.185724478645174,21.825017713635074,32.25322861086938,21709,16.23666666666668,20.266666666666666,30.683333333333334,"(np.float64(1.1003594511523533), np.float64(0.01429654112084153), np.float64(8.046870072101033))"
LDZA,Zagreb,negative,Log-Logistic,0.03637171694832264,2.1802889900074727e-25,133750.2064658458,133774.16291244607,18.034033386032014,26.428007921904747,60.811423040384916,21709,16.23666666666668,20.266666666666666,30.683333333333334,"(np.float64(2.0138209908248226), np.float64(-0.6505692230050348), np.float64(6.275338057075929))"
LDZA,Zagreb,negative,Burr XII,0.020423645121210865,2.6857802633501286e-08,131794.07772595063,131826.01965475097,16.791425079727656,21.612163923039645,33.47658839517879,21709,16.23666666666668,20.266666666666666,30.683333333333334,"(np.float64(1.2056980756582174), np.float64(8.823809865437802), np.float64(0.005744032936417507), np.float64(45.7954780727524))"
LDZA,Zagreb,negative,Generalized Gamma,0.020595150641553706,1.978540504409722e-08,132022.76189586724,132054.70382466758,17.13968655281632,21.9268428852755,32.94393722759806,21709,16.23666666666668,20.266666666666666,30.683333333333334,"(np.float64(1.2236643461906889), np.float64(0.9838589683089363), np.float64(0.008172315166492116), np.float64(6.288380194951301))"
LDZA,Zagreb,negative,Exponential,0.05084694115851429,3.2189834113537527e-49,132372.12982895784,132388.10079335803,17.879548496452678,23.25681173621936,35.74243032623868,21709,16.23666666666668,20.266666666666666,30.683333333333334,"(0.016666666666666666, 7.757751009565926)"
LDZA,Zagreb,negative,Lomax,0.05106655473389521,1.2165770926673023e-49,132374.19472081837,132398.15116741863,17.888066152056897,23.278959666229635,35.816016414111346,21709,16.23666666666668,20.266666666666666,30.683333333333334,"(np.float64(728.8629565694359), np.float64(0.01666354889139761), np.float64(5648.103516215286))"
LDZA,Zagreb,negative,Inverse Gaussian,0.03637031748201158,2.189954738005141e-25,132938.73752086877,132962.69396746904,16.939131211075754,22.388300003442303,36.08526236966967,21709,16.23666666666668,20.266666666666666,30.683333333333334,"(np.float64(0.642734296130786), np.float64(-1.5897648907998374), np.float64(14.569278201948801))"
LDZA,Zagreb,negative,Beta,0.01980562784733564,7.909318984300821e-08,-112864.70662833482,-112832.76469953447,17.259630225353437,22.01324120235258,32.91472850324805,21709,16.23666666666668,20.266666666666666,30.683333333333334,"(np.float64(1.190457296838452), np.float64(596198244.0203516), np.float64(0.00047369849048185114), np.float64(13813651.990490427))"
LDZA,Zagreb,negative,Pareto,0.05094436908393435,2.0915765562581422e-49,132374.11356715413,132398.0700137544,17.880789256589196,23.262142505343945,35.76389528541404,21709,16.23666666666668,20.266666666666666,30.683333333333334,"(np.float64(2167.969366008838), np.float64(-16810.787612756383), 16810.80427942305)"
LDZA,Zagreb,negative,Chi-Square,0.5046183222197084,0.0,167376.81152484877,167400.76797144904,5.867834222050778,8.467819007053915,14.931436231973,21709,16.23666666666668,20.266666666666666,30.683333333333334,"(np.float64(0.8945610856636717), np.float64(0.016666666666666663), np.float64(2.364132134213994))"
LDZA,Zagreb,negative,F-Distribution,0.02547125486887991,1.1439306734205155e-12,131933.12591844515,131965.0678472455,17.05637658217284,22.04265894917191,34.072641588865956,21709,16.23666666666668,20.266666666666666,30.683333333333334,"(np.float64(2.522108589351779), np.float64(44.52422739667522), np.float64(0.0010987299017837337), np.float64(7.415512562218334))"
LDZA,Zagreb,negative,T-Distribution,0.12586312739784147,3.133136798015209e-300,140908.78983431985,140932.7462809201,13.536096040802452,16.512187613762897,25.024643132596612,21709,16.23666666666668,20.266666666666666,30.683333333333334,"(np.float64(3.4602913553888723), np.float64(6.303353573303564), np.float64(4.575763181494876))"
LDZA,Zagreb,negative,Normal,0.15904887266349754,0.0,150632.2320754918,150648.203039892,17.73256158992731,20.555557018983013,25.85102695661837,21709,16.23666666666668,20.266666666666666,30.683333333333334,"(np.float64(7.774417676232592), np.float64(7.770380983041417))"
LDZA,Zagreb,negative,Uniform,0.8887377585333273,0.0,244848.69397387182,244864.664938272,253.14166666666668,267.20416666666665,278.45416666666665,21709,16.23666666666668,20.266666666666666,30.683333333333334,"(np.float64(0.016666666666666666), np.float64(281.25))"
LDZA,Zagreb,negative,Laplace,0.14792626985071272,0.0,142752.98005964427,142768.95102404445,13.945621468750794,17.360436432031882,25.289391234116003,21709,16.23666666666668,20.266666666666666,30.683333333333334,"(np.float64(6.016666666666667), np.float64(4.92653661307906))"
LDZA,Zagreb,negative,Logistic,0.12752794371158116,3.0451107473001515e-308,142683.4703086386,142699.4412730388,14.562380154076534,17.20028963526304,23.027729134922822,21709,16.23666666666668,20.266666666666666,30.683333333333334,"(np.float64(6.805463891951014), np.float64(3.5303247297231355))"
LDSP,Split,positive,Log-Normal,0.026944551537613992,2.1763165168396667e-12,130958.43824841887,130981.98787576813,25.40566877655927,34.76267478448979,62.052417003498476,18956,24.34166666666667,32.05416666666667,55.45666666666681,"(np.float64(0.8267566813681609), -1.302071805164271, np.float64(9.257389648304372))"
LDSP,Split,positive,Gamma,0.9919117300797865,0.0,446966.9273398112,446990.4769671605,0.016666666666666663,0.01666666666669572,0.020383966166034707,18956,24.34166666666667,32.05416666666667,55.45666666666681,"(np.float64(0.0016127099570874461), np.float64(0.016666666666666663), np.float64(3.3601421059506063))"
LDSP,Split,positive,Weibull,0.6617574849041308,0.0,181009.35903375113,181032.9086611004,12.946147460649643,40.80101898614802,266.5211040150979,18956,24.34166666666667,32.05416666666667,55.45666666666681,"(np.float64(0.22907285953911397), np.float64(0.016666666666666663), np.float64(0.3391222428155466))"
LDSP,Split,positive,Log-Logistic,0.029951472161838272,3.303768506151094e-15,131474.32614574174,131497.87577309101,26.88216378563946,40.106433562388546,96.23505028764001,18956,24.34166666666667,32.05416666666667,55.45666666666681,"(np.float64(1.9079709947005772), np.float64(-0.7036323191199403), np.float64(8.720689374689382))"
LDSP,Split,positive,Burr XII,0.01754237280280424,1.6936264799514918e-05,130154.44307153107,130185.84257466342,25.166396576229968,33.01563811302446,53.53500086288756,18956,24.34166666666667,32.05416666666667,55.45666666666681,"(np.float64(1.201239960995811), np.float64(5.905844803700262), np.float64(0.00960862618146019), np.float64(46.60432296680626))"
LDSP,Split,positive,Generalized Gamma,0.025179842082536097,7.131720538672954e-11,130415.61148906272,130447.01099219506,25.85860317204113,33.790469911222274,52.9375562212655,18956,24.34166666666667,32.05416666666667,55.45666666666681,"(np.float64(1.6567594875461154), np.float64(0.8013215091006226), np.float64(-0.0024623121140646695), np.float64(5.6778263396526665))"
LDSP,Split,positive,Exponential,0.04326573507799736,2.850029718404627e-31,130696.54442373112,130712.2441752973,26.626825660239394,34.63728170669243,53.23698465381211,18956,24.34166666666667,32.05416666666667,55.45666666666681,"(0.016666666666666666, 11.556645213476823)"
LDSP,Split,positive,Lomax,0.050486815504392935,1.973403524492578e-42,130601.6379484675,130625.18757581676,26.686648415047852,35.08743381482497,55.289602810004276,18956,24.34166666666667,32.05416666666667,55.45666666666681,"(np.float64(32.90753703092262), np.float64(0.01666666666666329), np.float64(367.97619858678337))"
LDSP,Split,positive,Inverse Gaussian,0.028199560836899118,1.5758153602539935e-13,131035.90441029455,131059.45403764381,25.66640491195178,34.467494630989506,57.001215378784444,18956,24.34166666666667,32.05416666666667,55.45666666666681,"(np.float64(0.7587819453780769), np.float64(-1.9666134121148438), np.float64(17.844271518060836))"
LDSP,Split,positive,Beta,0.1521960223884145,0.0,-121178.24989735016,-121146.85039421782,26.589922402993896,30.803396840901573,38.8031431926541,18956,24.34166666666667,32.05416666666667,55.45666666666681,"(np.float64(792.1485220090801), np.float64(277903848.6517961), np.float64(-0.243841409085224), np.float64(88964.52850805614))"
LDSP,Split,positive,Pareto,0.05048691411170331,1.9726577777286054e-42,130601.63794846431,130625.18757581357,26.686644374798902,35.08743126603423,55.289609022851664,18956,24.34166666666667,32.05416666666667,55.45666666666681,"(np.float64(32.907297201587504), np.float64(-367.9566994552617), 367.97336612192834)"
LDSP,Split,positive,Chi-Square,0.5983866719527537,0.0,183825.51500019294,183849.06462754222,5.769637518113628,8.564567829901423,15.637357368911001,18956,24.34166666666667,32.05416666666667,55.45666666666681,"(np.float64(0.7545045115014855), np.float64(0.016666666666666663), np.float64(2.6723716534203783))"
LDSP,Split,positive,F-Distribution,0.02346848546674596,1.6781098677718421e-09,130240.49225932613,130271.89176245847,25.528907453003136,33.51360634876058,53.71907551719612,18956,24.34166666666667,32.05416666666667,55.45666666666681,"(np.float64(2.5086581392213976), np.float64(23.8175017849332), np.float64(0.005376605040666658), np.float64(10.55008153991789))"
LDSP,Split,positive,T-Distribution,0.13682962004039567,5.08660520895393e-310,138649.03625623888,138672.58588358815,19.16507599158171,24.17436965554633,40.87345340970404,18956,24.34166666666667,32.05416666666667,55.45666666666681,"(np.float64(2.5538621363119693), np.float64(8.57555946254283), np.float64(6.163576496195592))"
LDSP,Split,positive,Normal,0.21495715450601854,0.0,155547.81556391332,155563.51531547948,30.336416149195358,35.65549549224298,45.63320373331789,18956,24.34166666666667,32.05416666666667,55.45666666666681,"(np.float64(11.57331188014349), np.float64(14.640928054329528))"
LDSP,Split,positive,Uniform,0.9462324231413186,0.0,270171.7760584309,270187.47580999706,1119.7216666666668,1181.9275,1231.6921666666667,18956,24.34166666666667,32.05416666666667,55.45666666666681,"(np.float64(0.016666666666666666), np.float64(1244.1166666666668))"
LDSP,Split,positive,Laplace,0.16214710463056364,0.0,140527.68245280668,140543.38220437284,20.502994150673704,25.693936185964585,37.746930336638286,18956,24.34166666666667,32.05416666666667,55.45666666666681,"(np.float64(8.45), np.float64(7.488946331856229))"
LDSP,Split,positive,Logistic,0.14026050021030576,0.0,141420.63388092918,141436.33363249534,21.704458760389002,25.745357952119754,34.672159926175134,18956,24.34166666666667,32.05416666666667,55.45666666666681,"(np.float64(9.821974968774008), np.float64(5.4079514284427805))"
LDSP,Split,negative,Log-Normal,0.03538237068407646,4.4827857450871e-12,64110.13781325868,64131.97209068076,15.970314177870971,21.79612082370581,38.69331546419416,10701,15.45,19.716666666666665,31.2,"(np.float64(0.8166002120302489), -0.8977630954758595, np.float64(5.9233823981978775))"
LDSP,Split,negative,Gamma,0.6792752287662921,0.0,106920.96325770952,106942.7975351316,2.3938260599290935,3.7582791685486145,7.33662839382274,10701,15.45,19.716666666666665,31.2,"(np.float64(0.27932301945309757), np.float64(0.016666666666666663), np.float64(2.862724707167639))"
LDSP,Split,negative,Weibull,0.01346185138462147,0.04099056460864503,63490.01391475087,63511.84819217295,16.014144737021923,20.42343392670621,30.391853909164364,10701,15.45,19.716666666666665,31.2,"(np.float64(1.0810921493492707), np.float64(0.015301204138434414), np.float64(7.3967767206226505))"
LDSP,Split,negative,Log-Logistic,0.03525785177696028,5.412338572645326e-12,64517.58135615023,64539.41563357231,17.27266120134967,25.90781081353607,62.89161097637348,10701,15.45,19.716666666666665,31.2,"(np.float64(1.8828312639609686), np.float64(-0.45344844755158253), np.float64(5.518243798382032))"
LDSP,Split,negative,Burr XII,0.014847669151612508,0.01768521834525699,63462.85356078019,63491.9659306763,15.868625833084755,20.427395502849784,31.30505097312345,10701,15.45,19.716666666666665,31.2,"(np.float64(1.1299801587226994), np.float64(15.88922556569446), np.float64(0.013624754697923984), np.float64(82.1056087263454))"
LDSP,Split,negative,Generalized Gamma,0.024275348671436547,6.547229223140872e-06,63545.097456085816,63574.209825981925,15.950027094632002,20.71848195217343,32.082255461283125,10701,15.45,19.716666666666665,31.2,"(np.float64(1.5319563136608223), np.float64(0.846016966405186), np.float64(0.0011054260225049092), np.float64(4.069248223681546))"
LDSP,Split,negative,Exponential,0.04124085082430301,2.9841001127086433e-16,63588.80862374345,63603.3648086915,16.543866913875164,21.51904993263008,33.071067161083654,10701,15.45,19.716666666666665,31.2,"(0.016666666666666666, 7.17767186867271)"
LDSP,Split,negative,Lomax,0.04134077571564604,2.5005050318386184e-16,63590.81881439419,63612.65309181627,16.537363846003338,21.510660426223698,33.0584244681938,10701,15.45,19.716666666666665,31.2,"(np.float64(104693.16508651286), np.float64(0.016666578283514116), np.float64(751149.2502797416))"
LDSP,Split,negative,Inverse Gaussian,0.03514260501319899,6.439776381513406e-12,64049.10731113964,64070.94158856172,15.881423467019548,21.19838757668329,34.70891762021033,10701,15.45,19.716666666666665,31.2,"(np.float64(0.7095998381077232), np.float64(-1.3580913720907413), np.float64(12.052464547783497))"
LDSP,Split,negative,Beta,0.01589762317925536,0.008855951358068806,-42194.78708329282,-42165.67471339671,16.118525267126575,20.675302767623254,31.161392343043783,10701,15.45,19.716666666666665,31.2,"(np.float64(1.133213341539283), np.float64(1300154174.8402085), np.float64(0.00047946475517101174), np.float64(59113051.32979406))"
LDSP,Split,negative,Pareto,0.04124085915885989,2.9840561597177275e-16,63590.808788434435,63612.643065856515,16.543866902589798,21.519050151109695,33.07106825709343,10701,15.45,19.716666666666665,31.2,"(np.float64(37398681.39037709), np.float64(-268435455.98333332), np.float64(268435455.99999997))"
LDSP,Split,negative,Chi-Square,0.0559456332021927,1.4904649228643152e-29,63746.8253685263,63768.65964594838,17.66429946013242,23.258034330756455,36.354039933516084,10701,15.45,19.716666666666665,31.2,"(np.float64(1.7898170091951608), np.float64(0.016666666666666663), np.float64(4.166962973201823))"
LDSP,Split,negative,F-Distribution,0.01822418999033082,0.0016165899747237855,63491.34329200411,63520.45566190022,16.02071219904846,20.65794432024242,31.536933567384047,10701,15.45,19.716666666666665,31.2,"(np.float64(2.3126252476989424), np.float64(115.27763592211257), np.float64(0.01280129053283274), np.float64(7.056312304005761))"
LDSP,Split,negative,T-Distribution,0.13560524662176476,4.3674259069558835e-172,68493.7303960688,68515.56467349088,12.492220288906337,15.436352435784022,24.281819134978733,10701,15.45,19.716666666666665,31.2,"(np.float64(3.1072299828257472), np.float64(5.648273302038362), np.float64(4.217871501822947))"
LDSP,Split,negative,Normal,0.14848056761477235,2.1338576724982715e-206,71654.4507280612,71669.00691300926,16.013898624514034,18.514121360176887,23.204123404751154,10701,15.45,19.716666666666665,31.2,"(np.float64(7.1943385353393765), np.float64(6.881939304117469))"
LDSP,Split,negative,Uniform,0.8093278802970585,0.0,105673.11115918212,105687.66734413018,125.47666666666665,132.44666666666666,138.02266666666665,10701,15.45,19.716666666666665,31.2,"(np.float64(0.016666666666666666), np.float64(139.39999999999998))"
LDSP,Split,negative,Laplace,0.15638535222586866,4.919955970484162e-229,69180.39973712547,69194.95592207352,12.933894050650409,16.164209724005023,23.664770441322094,10701,15.45,19.716666666666665,31.2,"(np.float64(5.433333333333334), np.float64(4.660360402454599))"
LDSP,Split,negative,Logistic,0.13481636430363203,4.361422756461886e-170,69226.21495063521,69240.77113558327,13.60695208048083,16.11045902733532,21.64098817316882,10701,15.45,19.716666666666665,31.2,"(np.float64(6.245253778511391), np.float64(3.3504532845223824))"
LDDU,Dubrovnik,positive,Log-Normal,0.031115147381255093,1.44313377967374e-11,90520.90967426164,90543.38176126876,24.751796599637924,34.12920565721265,61.85617075390725,13236,23.441666666666666,31.316666666666666,55.8708333333333,"(np.float64(0.8519017841514303), -1.099773805071679, np.float64(8.676474517651608))"
LDDU,Dubrovnik,positive,Gamma,0.8581301925675227,0.0,201347.88932869208,201370.3614156992,0.7349918982105346,1.6927414495122042,4.898109125753702,13236,23.441666666666666,31.316666666666666,55.8708333333333,"(np.float64(0.08744637143009795), np.float64(0.016666666666666663), np.float64(3.289325618860036))"
LDDU,Dubrovnik,positive,Weibull,0.07619932638330718,2.7558881266796982e-67,90905.5930480651,90928.06513507222,28.30567964572685,38.19113596197783,62.31027149309575,13236,23.441666666666666,31.316666666666666,55.8708333333333,"(np.float64(0.8780847621971783), np.float64(0.016666666666666663), np.float64(10.942366980087204))"
LDDU,Dubrovnik,positive,Log-Logistic,0.030211556305930476,6.26472826952909e-11,90863.94088270255,90886.41296970967,26.227392210591585,39.50423614105119,96.9317315133928,13236,23.441666666666666,31.316666666666666,55.8708333333333,"(np.float64(1.856194083684933), np.float64(-0.5600696272820698), np.float64(8.200607775582183))"
LDDU,Dubrovnik,positive,Burr XII,0.01526364162643118,0.0041499514005285424,90015.90325693082,90045.86603960699,24.382552935374438,32.27261050023156,53.58966354807126,13236,23.441666666666666,31.316666666666666,55.8708333333333,"(np.float64(1.2141424931169587), np.float64(4.8852490605728445), np.float64(0.007639904863127971), np.float64(37.016538125397))"
LDDU,Dubrovnik,positive,Generalized Gamma,0.021977327591090612,5.511255869843727e-06,90175.02888216526,90204.99166484144,25.06845879253333,32.916053019928654,52.074928859065274,13236,23.441666666666666,31.316666666666666,55.8708333333333,"(np.float64(1.7962491941239702), np.float64(0.7617822559885522), np.float64(-0.007184613682249366), np.float64(4.694535763513524))"
LDDU,Dubrovnik,positive,Exponential,0.03780941986260167,7.080710276499353e-17,90367.60900470531,90382.5903960434,25.744842549038932,33.489795223351585,51.473018431411184,13236,23.441666666666666,31.316666666666666,55.8708333333333,"(0.016666666666666666, 11.1736048151506)"
LDDU,Dubrovnik,positive,Lomax,0.04566049014312529,2.0321715428791216e-24,90332.38625078191,90354.85833778903,25.858921236277112,34.07417489592455,53.972300083104095,13236,23.441666666666666,31.316666666666666,55.8708333333333,"(np.float64(27.335366496663344), np.float64(0.016666666666659176), np.float64(294.04913149844407))"
LDDU,Dubrovnik,positive,Inverse Gaussian,0.03028463108933499,5.57233857077555e-11,90557.6244717529,90580.09655876002,24.95514881854949,33.710903772866764,56.284782768164774,13236,23.441666666666666,31.316666666666666,55.8708333333333,"(np.float64(0.8057642735641377), np.float64(-1.7548019647610285), np.float64(16.06558092121856))"
LDDU,Dubrovnik,positive,Beta,0.030068403868909965,7.873888133810826e-11,-56347.880469449505,-56317.91768677334,20.9738270476586,26.097740406424123,37.62248478948367,13236,23.441666666666666,31.316666666666666,55.8708333333333,"(np.float64(1.5947762661142122), np.float64(101560084710.55853), np.float64(-0.0004110340999882327), np.float64(2471925167.4773345))"
LDDU,Dubrovnik,positive,Pareto,0.04566049241940351,2.0321603470224787e-24,90332.38625078193,90354.85833778905,25.858921093125787,34.07417475067581,53.97230001484769,13236,23.441666666666666,31.316666666666666,55.8708333333333,"(np.float64(27.335363834521665), np.float64(-294.0324333429622), 294.04910000962883)"
LDDU,Dubrovnik,positive,Chi-Square,0.5845143341028887,0.0,125607.71622309339,125630.18831010051,5.787286741960497,8.583714344264973,15.65664610508346,13236,23.441666666666666,31.316666666666666,55.8708333333333,"(np.float64(0.7580862175972507), np.float64(0.016666666666666663), np.float64(2.6700223417754714))"
LDDU,Dubrovnik,positive,F-Distribution,0.02072604819622148,2.2700597709080465e-05,90072.18404861746,90102.14683129363,24.737496121827316,32.72991027556572,53.518364978354334,13236,23.441666666666666,31.316666666666666,55.8708333333333,"(np.float64(2.55228261319453), np.float64(18.656016740428537), np.float64(0.002158358533657723), np.float64(9.960724560526446))"
LDDU,Dubrovnik,positive,T-Distribution,0.13933098257697227,1.275097430409427e-224,96060.87702421972,96083.34911122684,18.425747813404275,23.36742371895285,40.17873325302075,13236,23.441666666666666,31.316666666666666,55.8708333333333,"(np.float64(2.467646890956711), np.float64(8.17256991181318), np.float64(5.8997944646272575))"
LDDU,Dubrovnik,positive,Normal,0.17803498230737536,0.0,103582.30050172147,103597.28189305955,26.706435341674215,31.10505219562605,39.356125887612016,13236,23.441666666666666,31.316666666666666,55.8708333333333,"(np.float64(11.190271481817268), np.float64(12.107326990984786))"
LDDU,Dubrovnik,positive,Uniform,0.8328941570418853,0.0,147645.59686954363,147660.5782608817,237.9316666666667,251.1491666666667,261.72316666666666,13236,23.441666666666666,31.316666666666666,55.8708333333333,"(np.float64(0.016666666666666666), np.float64(264.35))"
LDDU,Dubrovnik,positive,Laplace,0.16482589272480766,1.0204707034e-314,97472.13702124113,97487.1184125792,19.884613376666174,24.949203190002585,36.70881656666876,13236,23.441666666666666,31.316666666666666,55.8708333333333,"(np.float64(8.125), np.float64(7.306658607837211))"
LDDU,Dubrovnik,positive,Logistic,0.1434307380464783,4.536064092436524e-238,98163.6790721262,98178.66046346427,21.01905043069646,24.95782363454181,33.65901778543659,13236,23.441666666666666,31.316666666666666,55.8708333333333,"(np.float64(9.436873659418506), np.float64(5.271275813471682))"
LDDU,Dubrovnik,negative,Log-Normal,0.03413570699873858,8.008392750217065e-10,56964.072255745545,56985.47684243794,17.09677458686194,23.118481318486847,40.30913582731823,9273,16.65,20.7,33.59000000000005,"(np.float64(0.7874805513676159), -1.0837924562392258, np.float64(6.627027384181431))"
LDDU,Dubrovnik,negative,Gamma,0.7276212674913881,0.0,101626.44670715652,101647.85129384891,2.0090547133237404,3.3046410092709295,6.802603448846054,9273,16.65,20.7,33.59000000000005,"(np.float64(0.22663327701257624), np.float64(0.016666666666666663), np.float64(2.912982214676733))"
LDDU,Dubrovnik,negative,Weibull,0.09815944374652102,3.1677338922327097e-78,56886.31953643558,56907.72412312798,16.965937720484817,22.504315285323063,35.70981522805494,9273,16.65,20.7,33.59000000000005,"(np.float64(0.9307313072163523), np.float64(0.016666666666666663), np.float64(6.917956341821904))"
LDDU,Dubrovnik,negative,Log-Logistic,0.03521629627680534,1.992125588660708e-10,57297.02670788759,57318.43129457999,18.293136390927774,27.00884994658099,63.22241429270162,9273,16.65,20.7,33.59000000000005,"(np.float64(1.9699546314124339), np.float64(-0.6019322620558325), np.float64(6.193701313672266))"
LDDU,Dubrovnik,negative,Burr XII,0.019938064844265635,0.001239377233548554,56451.11867682791,56479.658125751106,17.038586724969736,21.92946840576287,33.784826969556164,9273,16.65,20.7,33.59000000000005,"(np.float64(1.168425699556864), np.float64(11.302802686753793), np.float64(0.01061648327635629), np.float64(60.81755325212593))"
LDDU,Dubrovnik,negative,Generalized Gamma,0.029813836187308818,1.3547432097575295e-07,56583.13225908029,56611.67170800349,17.245128889327805,22.496674180616147,35.279851160950976,9273,16.65,20.7,33.59000000000005,"(np.float64(2.0309437538750257), np.float64(0.7438777935060652), np.float64(-0.04767919952275768), np.float64(2.741422740091447))"
LDDU,Dubrovnik,negative,Exponential,0.04923929236087121,5.606325052753415e-20,56617.52648758237,56631.79621204397,17.949491384283935,23.347809531271185,35.882316101901196,9273,16.65,20.7,33.59000000000005,"(0.016666666666666666, 7.788126819799419)"
LDDU,Dubrovnik,negative,Lomax,0.056365908866740144,4.757393792809533e-26,56626.112280642745,56647.51686733514,17.47995493258072,22.736928523563602,34.94324319857568,9273,16.65,20.7,33.59000000000005,"(np.float64(502114020553.11304), np.float64(0.016666666665828243), np.float64(3808138040125.449))"
LDDU,Dubrovnik,negative,Inverse Gaussian,0.033762065082296844,1.2825960601661123e-09,56929.85868787744,56951.263274569836,17.084961067412586,22.654062590322823,36.70103780004214,9273,16.65,20.7,33.59000000000005,"(np.float64(0.6635949128687119), np.float64(-1.5631024689207202), np.float64(14.116845598988082))"
LDDU,Dubrovnik,negative,Beta,0.02219611857739079,0.0002118888420532712,-37065.43387430246,-37036.89442537926,17.426624792561977,22.30136895670211,33.50085643804864,9273,16.65,20.7,33.59000000000005,"(np.float64(1.15970269746298), np.float64(81840.43678826356), np.float64(0.00047029385376770605), np.float64(3553.5628957838912))"
LDDU,Dubrovnik,negative,Pareto,0.04923930575561308,5.606187706656217e-20,56619.526565317574,56640.93115200997,17.949491262435913,23.347809553146362,35.88231635093689,9273,16.65,20.7,33.59000000000005,"(np.float64(275738145.5740472), np.float64(-2147483647.9833333), 2147483648.0)"
LDDU,Dubrovnik,negative,Chi-Square,0.05624549233780979,6.120345623822394e-26,56732.51265938794,56753.91724608034,19.079964181297658,25.044293271267048,38.978563550870795,9273,16.65,20.7,33.59000000000005,"(np.float64(1.8404826495421114), np.float64(0.016666666666666663), np.float64(4.407336067125081))"
LDDU,Dubrovnik,negative,F-Distribution,0.02506057485687807,1.7169104792596595e-05,56489.75043223299,56518.28988115619,17.25236716224547,22.245724867978172,34.07760311142042,9273,16.65,20.7,33.59000000000005,"(np.float64(2.4085167280348267), np.float64(71.92845994404529), np.float64(0.008713501465211031), np.float64(7.57739353809581))"
LDDU,Dubrovnik,negative,T-Distribution,0.130245244775097,1.2965214186056651e-137,60512.362655981444,60533.76724267384,13.481496473361304,16.60440534958683,25.940660029536243,9273,16.65,20.7,33.59000000000005,"(np.float64(3.1395076440644196), np.float64(6.189298773078953), np.float64(4.506096517250623))"
LDDU,Dubrovnik,negative,Normal,0.14883632445084133,8.900960720760697e-180,63634.16033402422,63648.43005848582,17.388554629065656,20.105417744642203,25.201801112864104,9273,16.65,20.7,33.59000000000005,"(np.float64(7.804793486466085), np.float64(7.478248554537807))"
LDDU,Dubrovnik,negative,Uniform,0.8168261703886751,0.0,93551.32352160451,93565.59324606611,139.60666666666668,147.36166666666668,153.5656666666667,9273,16.65,20.7,33.59000000000005,"(np.float64(0.016666666666666666), np.float64(155.1))"
LDDU,Dubrovnik,negative,Laplace,0.1512317327586894,1.2603085586610812e-185,61163.6513335817,61177.9210580433,13.974859801040475,17.42380085653956,25.43199399091337,9273,16.65,20.7,33.59000000000005,"(np.float64(5.966666666666667), np.float64(4.975770157086883))"
LDDU,Dubrovnik,negative,Logistic,0.13058985815308044,2.4163346342490004e-138,61223.5108223987,61237.7805468603,14.653321010733347,17.325389834980285,23.228291175333425,9273,16.65,20.7,33.59000000000005,"(np.float64(6.795957342971372), np.float64(3.5760403141347354))"
BKPR,Pristina,positive,Log-Normal,0.02767728601759989,3.9264758171848064e-09,91485.55149982854,91507.98618327983,26.21907387199964,35.28776709902011,61.00117836401231,13072,25.166666666666668,32.274166666666645,54.947833333333286,"(np.float64(0.7749589215958973), -1.66962068721195, np.float64(10.330199282490868))"
BKPR,Pristina,positive,Gamma,0.7532755494825633,0.0,174972.6644444145,174995.0991278658,2.6436379134633543,4.181315882983635,8.23184046725459,13072,25.166666666666668,32.274166666666645,54.947833333333286,"(np.float64(0.2700572346837212), np.float64(0.016666666666666663), np.float64(3.261368073813821))"
BKPR,Pristina,positive,Weibull,0.02084615102890386,2.293502035118532e-05,91041.59384720176,91064.02853065306,26.602774033268616,33.677570472765076,49.511311435035,13072,25.166666666666668,32.274166666666645,54.947833333333286,"(np.float64(1.1153819340027284), np.float64(0.014835172982412752), np.float64(12.587479913309892))"
BKPR,Pristina,positive,Log-Logistic,0.03149967685705439,1.0559528141710934e-11,91891.31220017574,91913.74688362704,27.68646290199516,40.46134520241238,92.58339306193471,13072,25.166666666666668,32.274166666666645,54.947833333333286,"(np.float64(2.026353729272458), np.float64(-0.9616813544111479), np.float64(9.686802324222018))"
BKPR,Pristina,positive,Burr XII,0.016181567229963723,0.002104768468565918,90918.92296905481,90948.83588032321,26.086035323745048,33.66691836569746,52.64547392540594,13072,25.166666666666668,32.274166666666645,54.947833333333286,"(np.float64(1.2262275598913606), np.float64(7.383700135921023), np.float64(0.006121402114825364), np.float64(59.20302434948832))"
BKPR,Pristina,positive,Generalized Gamma,0.02502051512902148,1.5307098218553242e-07,91105.07935492463,91134.99226619303,26.488545077370766,34.579065156988676,54.51824043393927,13072,25.166666666666668,32.274166666666645,54.947833333333286,"(np.float64(2.572809158229078), np.float64(0.6748633937935382), np.float64(-0.14693225102202437), np.float64(2.6702248661925023))"
BKPR,Pristina,positive,Exponential,0.05939702341835024,1.5680468091396067e-40,91288.76829808802,91303.72475372221,27.833654292075668,36.20740195633754,55.65064191748466,13072,25.166666666666668,32.274166666666645,54.947833333333286,"(0.016666666666666666, 12.080764228886169)"
BKPR,Pristina,positive,Lomax,0.06201359802548101,3.817089618829445e-44,91291.96559589282,91314.40027934412,27.569124390935794,35.86324062023768,55.121582115374146,13072,25.166666666666668,32.274166666666645,54.947833333333286,"(np.float64(374984174827.0604), np.float64(0.016666666666629935), np.float64(4487015770056.293))"
BKPR,Pristina,positive,Inverse Gaussian,0.027415585326768854,5.72577402532556e-09,91457.18970560258,91479.62438905388,26.302258351683665,34.75888084076042,56.025414366740215,13072,25.166666666666668,32.274166666666645,54.947833333333286,"(np.float64(0.6455632068964142), np.float64(-2.3922516045055806), np.float64(22.445022803719276))"
BKPR,Pristina,positive,Beta,0.022279928559775786,4.548667784672361e-06,-40955.94250232668,-40926.02959105828,26.802577529709694,33.944398805781766,49.74630827769017,13072,25.166666666666668,32.274166666666645,54.947833333333286,"(np.float64(1.1534533757767267), np.float64(31.175122997543202), np.float64(0.0004814551448385481), np.float64(2.174458580225798))"
BKPR,Pristina,positive,Pareto,0.059397094513736926,1.567700002235875e-40,91290.76995107997,91313.20463453127,27.83365297317505,36.20740079879761,55.65064096450806,13072,25.166666666666668,32.274166666666645,54.947833333333286,"(np.float64(355521165.2344844), np.float64(-4294967295.983333), np.float64(4294967295.9999995))"
BKPR,Pristina,positive,Chi-Square,0.01977525381199008,7.158373565293013e-05,91009.45654460508,91031.89122805638,26.52859817612489,33.824214463657874,50.530453425701765,13072,25.166666666666668,32.274166666666645,54.947833333333286,"(np.float64(2.4327114587885714), np.float64(0.009611967001765417), np.float64(4.968839786942148))"
BKPR,Pristina,positive,F-Distribution,0.02196900458774914,6.51954447383665e-06,90978.47151754136,91008.38442880976,26.449156895036687,34.13739589498267,52.69812304976193,13072,25.166666666666668,32.274166666666645,54.947833333333286,"(np.float64(2.573955177838573), np.float64(43.130973756647776), np.float64(-0.0007887048508142719), np.float64(11.53265367417798))"
BKPR,Pristina,positive,T-Distribution,0.12784885377784022,9.974591898766461e-187,96377.32586433101,96399.76054778231,20.52766731383263,25.420058530682308,40.577157471231196,13072,25.166666666666668,32.274166666666645,54.947833333333286,"(np.float64(2.9208577918336696), np.float64(9.467760426582096), np.float64(6.703805939855366))"
BKPR,Pristina,positive,Normal,0.1462470878060585,1.7744689490211536e-244,100899.63480583491,100914.5912614691,26.804968561281136,30.97435112522631,38.7954194127007,13072,25.166666666666668,32.274166666666645,54.947833333333286,"(np.float64(12.097430895552836), np.float64(11.476352619083471))"
BKPR,Pristina,positive,Uniform,0.7464287122830302,0.0,132019.05462319887,132034.01107883308,140.37166666666667,148.16916666666665,154.40716666666665,13072,25.166666666666668,32.274166666666645,54.947833333333286,"(np.float64(0.016666666666666666), np.float64(155.95))"
BKPR,Pristina,positive,Laplace,0.15025208644475838,4.27724539659544e-258,97329.48348326285,97344.43993889705,21.4152192879111,26.69038377220948,38.93893639345391,13072,25.166666666666668,32.274166666666645,54.947833333333286,"(np.float64(9.166666666666666), np.float64(7.61045364137087))"
BKPR,Pristina,positive,Logistic,0.12865694318689166,4.243943439665423e-189,97572.69594754334,97587.65240317753,22.532149678526338,26.625443958172347,35.667992589602854,13072,25.166666666666668,32.274166666666645,54.947833333333286,"(np.float64(10.495595281985759), np.float64(5.478071982579477))"
BKPR,Pristina,negative,Log-Normal,0.04369911707460816,8.238543465948207e-14,48727.973968590864,48748.95760286584,16.12019637571881,21.52257087447278,36.606135382011445,8059,15.373333333333328,19.103333333333318,29.26133333333334,"(np.float64(0.7465844373267827), -1.2182172451680353, np.float64(6.660123487287306))"
BKPR,Pristina,negative,Gamma,0.8960631824426067,0.0,112863.60843044297,112884.59206471794,0.19596813858651246,0.7122157324553533,3.112940558563195,8059,15.373333333333328,19.103333333333318,29.26133333333334,"(np.float64(0.04492162880928015), np.float64(0.016666666666666663), np.float64(3.0408495275311207))"
BKPR,Pristina,negative,Weibull,0.024842101314462517,9.407589051849035e-05,48312.12452993229,48333.10816420727,16.34124911651609,20.64508436064577,30.25165859103776,8059,15.373333333333328,19.103333333333318,29.26133333333334,"(np.float64(1.1247903159575094), np.float64(0.013751658665852933), np.float64(7.778396942135551))"
BKPR,Pristina,negative,Log-Logistic,0.04208562511279579,7.690782170441637e-13,49064.52467233368,49085.50830660866,17.32238877193105,25.19165753260833,56.93520876013591,8059,15.373333333333328,19.103333333333318,29.26133333333334,"(np.float64(2.0633585021348932), np.float64(-0.7101431992880006), np.float64(6.217075998896101))"
BKPR,Pristina,negative,Burr XII,0.02662766139292705,2.1353862908765723e-05,48230.421391966025,48258.399570999325,16.027660828083846,20.44009791595522,30.99298205740854,8059,15.373333333333328,19.103333333333318,29.26133333333334,"(np.float64(1.2112070975955453), np.float64(11.424361891359526), np.float64(0.007327499981795131), np.float64(55.23916195153677))"
BKPR,Pristina,negative,Generalized Gamma,0.027313639573041226,1.1753973252856354e-05,48306.96015483243,48334.93833386573,16.315076216908587,20.715241833455902,30.695537898554228,8059,15.373333333333328,19.103333333333318,29.26133333333334,"(np.float64(1.1459373205327212), np.float64(1.042163413771809), np.float64(0.010203858910389347), np.float64(6.637508420603199))"
BKPR,Pristina,negative,Exponential,0.0569305109191528,3.8136528832802884e-23,48484.79996235809,48498.78905187474,17.164973193196005,22.327127832521743,34.31327971972534,8059,15.373333333333328,19.103333333333318,29.26133333333334,"(0.016666666666666666, 7.447414898457211)"
BKPR,Pristina,negative,Lomax,0.05504691541860257,1.1490594970267642e-21,48487.125231483005,48508.10886575798,17.274379890598688,22.469469227579072,34.53209311458128,8059,15.373333333333328,19.103333333333318,29.26133333333334,"(np.float64(785807127862.8529), np.float64(0.016666666666654145), np.float64(5889569120907.1875))"
BKPR,Pristina,negative,Inverse Gaussian,0.04381948028993088,6.95051540735988e-14,48705.016340155504,48725.99997443048,16.1386605658765,21.194077969118556,33.8065058768637,8059,15.373333333333328,19.103333333333318,29.26133333333334,"(np.float64(0.5990910714591187), np.float64(-1.6431284816668261), np.float64(15.201704772138935))"
BKPR,Pristina,negative,Beta,0.02968192317787821,1.3314250192765555e-06,-40522.84888521477,-40494.87070618147,16.37659778458542,20.816848715166845,30.97459436944166,8059,15.373333333333328,19.103333333333318,29.26133333333334,"(np.float64(1.2338831847153036), np.float64(4645391.904623244), np.float64(0.0004614809143367564), np.float64(113163.3148789081))"
BKPR,Pristina,negative,Pareto,0.056930522683667606,3.813570399316444e-23,48486.799985419886,48507.78361969486,17.164973363280296,22.32712848484516,34.31328223645687,8059,15.373333333333328,19.103333333333318,29.26133333333334,"(np.float64(18022056.926515393), np.float64(-134217727.98333333), 134217728.0)"
BKPR,Pristina,negative,Chi-Square,0.26967523064719734,0.0,51419.56803928412,51440.55167355909,14.159956012207399,19.988419488241924,34.27182038350269,8059,15.373333333333328,19.103333333333318,29.26133333333334,"(np.float64(1.0377795822701064), np.float64(0.016666666666666663), np.float64(5.0764695559515225))"
BKPR,Pristina,negative,F-Distribution,0.033076147911865195,4.281768016703463e-08,48287.975846585425,48315.954025618725,16.28420510602849,20.90124337671884,31.82982406436526,8059,15.373333333333328,19.103333333333318,29.26133333333334,"(np.float64(2.5499358894542805), np.float64(67.18922500415138), np.float64(0.0026168267130613904), np.float64(7.233652989596036))"
BKPR,Pristina,negative,T-Distribution,0.11980860459656296,2.936825321415276e-101,51474.391378866036,51495.37501314101,13.211412385185525,15.932987950356573,23.306306672209118,8059,15.373333333333328,19.103333333333318,29.26133333333334,"(np.float64(3.9559924481412034), np.float64(6.2669820769575475), np.float64(4.519615171293326))"
BKPR,Pristina,negative,Normal,0.15354223195549133,2.289312230771148e-166,54896.614624943875,54910.60371446052,16.80873689460251,19.45781683458417,24.427050238287634,8059,15.373333333333328,19.103333333333318,29.26133333333334,"(np.float64(7.464081565123878), np.float64(7.29167329720953))"
BKPR,Pristina,negative,Uniform,0.8819071605906038,0.0,88819.54020327923,88833.52929279588,222.52666666666667,234.88833333333332,244.77766666666668,8059,15.373333333333328,19.103333333333318,29.26133333333334,"(np.float64(0.016666666666666666), np.float64(247.23333333333332))"
BKPR,Pristina,negative,Laplace,0.14057401143954104,2.105977173776988e-139,52155.45680460763,52169.44589412428,13.475831398854254,16.717030562353468,24.242861961207716,8059,15.373333333333328,19.103333333333318,29.26133333333334,"(np.float64(5.95), np.float64(4.6760619597137785))"
BKPR,Pristina,negative,Logistic,0.12160749207345786,2.5560593846571394e-104,51974.70258646573,51988.69167598238,13.95532653229926,16.45026452387924,21.961863881259575,8059,15.373333333333328,19.103333333333318,29.26133333333334,"(np.float64(6.618825709239653), np.float64(3.338985417664466))"
LYTV,Tivat,positive,Log-Normal,0.03248955024287281,8.065662860135831e-08,56261.167598641434,56282.14899855682,26.743372427902365,37.13775922711416,68.20888652783418,8053,25.580000000000002,35.00666666666666,57.14133333333333,"(np.float64(0.8718819177410326), -1.1484210291878525, np.float64(9.124570844157343))"
LYTV,Tivat,positive,Gamma,0.7154367206543328,0.0,102739.24083182344,102760.22223173882,2.9596342667465714,4.57111717697377,8.753444193560565,8053,25.580000000000002,35.00666666666666,57.14133333333333,"(np.float64(0.3033403561623085), np.float64(0.016666666666666663), np.float64(3.2938867922646136))"
LYTV,Tivat,positive,Weibull,0.024086098360034724,0.00017207209381074298,55935.544874051004,55956.52627396639,26.89924119357132,34.628676303282155,52.32419503842728,8053,25.580000000000002,35.00666666666666,57.14133333333333,"(np.float64(1.0413102601206545), np.float64(0.015949235660953652), np.float64(12.06802974124798))"
LYTV,Tivat,positive,Log-Logistic,0.03178174793560662,1.6795124705715375e-07,56507.18106103684,56528.162460952226,28.726476424116093,43.87845099257301,111.09743958662709,8053,25.580000000000002,35.00666666666666,57.14133333333333,"(np.float64(1.7912459457314225), np.float64(-0.5455244326013942), np.float64(8.584734013293481))"
LYTV,Tivat,positive,Burr XII,0.014036580811140231,0.08294082165918237,55882.5786861256,55910.55388601278,26.437824123563093,34.74497833443828,55.99110849987117,8053,25.580000000000002,35.00666666666666,57.14133333333333,"(np.float64(1.134195310838395), np.float64(7.810564490033316), np.float64(0.012216984252799306), np.float64(67.90486397793724))"
LYTV,Tivat,positive,Generalized Gamma,0.019902355590186827,0.0033454460016931033,55918.38867975316,55946.36387964034,26.84810452141127,34.9434014422556,54.0853137912083,8053,25.580000000000002,35.00666666666666,57.14133333333333,"(np.float64(1.2932608638813248), np.float64(0.8992097327429627), np.float64(0.011197677777338317), np.float64(8.558002420768466))"
LYTV,Tivat,positive,Exponential,0.030102992377555038,8.966832545930783e-07,55954.65695961256,55968.64455955615,27.345270360513585,35.57199981197497,54.67387405436049,8053,25.580000000000002,35.00666666666666,57.14133333333333,"(0.016666666666666666, 11.86866178235854)"
LYTV,Tivat,positive,Lomax,0.02995617318366839,1.0336730319287283e-06,55956.211423501736,55977.19282341712,27.553657702808664,35.928410463221574,55.52781050424641,8053,25.580000000000002,35.00666666666666,57.14133333333333,"(np.float64(146.18900827826053), np.float64(0.016666666666665178), np.float64(1734.5658644496552))"
LYTV,Tivat,positive,Inverse Gaussian,0.03226316427049292,1.0216153072537595e-07,56238.093638763916,56259.0750386793,26.66728568836008,36.14208482703306,60.640474557090315,8053,25.580000000000002,35.00666666666666,57.14133333333333,"(np.float64(0.825841022085205), np.float64(-1.8972012808765961), np.float64(16.689083997106607))"
LYTV,Tivat,positive,Beta,0.023227733865055056,0.00033120449420277726,-23545.6691216189,-23517.693921731716,26.86936970663579,34.58377850562486,52.27643865785352,8053,25.580000000000002,35.00666666666666,57.14133333333333,"(np.float64(1.0787667161830414), np.float64(170.75525529949988), np.float64(0.0004879435508326706), np.float64(13.606314003199106))"
LYTV,Tivat,positive,Pareto,0.03171622675132624,1.7960393504487726e-07,55955.82711824427,55976.808518159654,27.380331764676612,35.72559056912223,55.29797324380684,8053,25.580000000000002,35.00666666666666,57.14133333333333,"(np.float64(114.88364467888323), np.float64(-1351.6116574179648), 1351.6283240846315)"
LYTV,Tivat,positive,Chi-Square,0.022498828255507197,0.0005668817477358865,55925.47747374614,55946.458873661526,26.79939737590451,34.562686722233124,52.482017240369984,8053,25.580000000000002,35.00666666666666,57.14133333333333,"(np.float64(2.171131989770646), np.float64(0.014773666715564099), np.float64(5.467430981455842))"
LYTV,Tivat,positive,F-Distribution,0.016705159408452463,0.022087943497869578,55897.80161896112,55925.7768188483,26.68102272059265,35.01730584972242,55.721515424558206,8053,25.580000000000002,35.00666666666666,57.14133333333333,"(np.float64(2.3207797757632713), np.float64(30.65763252716461), np.float64(0.010925607221950798), np.float64(11.095937015767445))"
LYTV,Tivat,positive,T-Distribution,0.14452261921993026,3.015904379676553e-147,59820.782169911115,59841.7635698265,19.80725656255346,25.199115066601056,43.589802041932394,8053,25.580000000000002,35.00666666666666,57.14133333333333,"(np.float64(2.456976451337196), np.float64(8.646890464179663), np.float64(6.412300474437984))"
LYTV,Tivat,positive,Normal,0.1615286618117157,4.811876881801846e-184,62893.34903122435,62907.33663116794,27.277338470559492,31.6407594364902,39.825811495913136,8053,25.580000000000002,35.00666666666666,57.14133333333333,"(np.float64(11.885328449025208), np.float64(12.01044923619081))"
LYTV,Tivat,positive,Uniform,0.7176003791297342,0.0,79467.04594663937,79481.03354658296,125.02666666666664,131.97166666666666,137.52766666666665,8053,25.580000000000002,35.00666666666666,57.14133333333333,"(np.float64(0.016666666666666666), np.float64(138.89999999999998))"
LYTV,Tivat,positive,Laplace,0.16782454513519796,9.953887542444886e-199,60485.950926702324,60499.938526645914,21.25409982954114,26.70392398964502,39.35802381918615,8053,25.580000000000002,35.00666666666666,57.14133333333333,"(np.float64(8.6), np.float64(7.862434289498737))"
LYTV,Tivat,positive,Logistic,0.1457831762419273,7.85287814573941e-150,60826.475829319854,60840.463429263444,22.516583808652836,26.756441546571054,36.12276538410075,8053,25.580000000000002,35.00666666666666,57.14133333333333,"(np.float64(10.04905159387656), np.float64(5.674218440561568))"
LYTV,Tivat,negative,Log-Normal,0.03728171840995664,2.0602368705983914e-07,35400.81542237334,35420.80034176069,16.57341960118282,21.752207586596793,35.77659207857069,5777,15.966666666666667,19.539999999999996,28.089333333333283,"(np.float64(0.6902571752083005), -1.596690115108728, np.float64(7.502060807966307))"
LYTV,Tivat,negative,Gamma,0.9284526424694866,0.0,89236.83002054828,89256.81493993562,0.047828675677354424,0.28561619889916545,2.1791804081623902,5777,15.966666666666667,19.539999999999996,28.089333333333283,"(np.float64(0.02596125271904858), np.float64(0.016666666666666663), np.float64(3.1149761230233466))"
LYTV,Tivat,negative,Weibull,0.49724433752305264,0.0,43143.99053782308,43163.97545721043,10.794148220872891,19.522825277389035,51.44149874105718,5777,15.966666666666667,19.539999999999996,28.089333333333283,"(np.float64(0.44356813431952613), np.float64(0.016666666666666663), np.float64(1.6440760747356995))"
LYTV,Tivat,negative,Log-Logistic,0.03776908189017936,1.3493678472199865e-07,35632.93231794835,35652.91723733569,17.559189361238374,24.883762263967252,52.94717682826088,5777,15.966666666666667,19.539999999999996,28.089333333333283,"(np.float64(2.2498406520030816), np.float64(-1.0349457438415621), np.float64(7.002258867853019))"
LYTV,Tivat,negative,Burr XII,0.024744581317762693,0.0016640661614504763,35068.582683016604,35095.229242199726,16.571927900101453,20.996775835927895,31.565262325474052,5777,15.966666666666667,19.539999999999996,28.089333333333283,"(np.float64(1.2655078574059986), np.float64(9.955061787114063), np.float64(0.0011681631893839255), np.float64(48.0085878913269))"
LYTV,Tivat,negative,Generalized Gamma,0.02837042594422967,0.00017926005729209356,35164.0797175038,35190.726276686924,16.992372867019412,21.50987783142715,31.763358889350297,5777,15.966666666666667,19.539999999999996,28.089333333333283,"(np.float64(1.2344683939481107), np.float64(1.0244143366937748), np.float64(0.005920294623750538), np.float64(6.445698744050807))"
LYTV,Tivat,negative,Exponential,0.07112384921544168,7.405002350086584e-26,35352.567746280634,35365.891025872195,18.072249964681255,23.507522126593226,36.12783326269584,5777,15.966666666666667,19.539999999999996,28.089333333333283,"(0.016666666666666666, 7.841440193872252)"
LYTV,Tivat,negative,Lomax,0.07114797460780026,7.116343611821552e-26,35354.56577203232,35374.55069141967,18.07953761045127,23.52122022223677,36.163947229781236,5777,15.966666666666667,19.539999999999996,28.089333333333283,"(np.float64(1932.1735817551125), np.float64(0.01666647522887195), np.float64(15148.10940352716))"
LYTV,Tivat,negative,Inverse Gaussian,0.03663924177669298,3.569017926812033e-07,35407.05653274144,35427.04145212878,16.712319286799808,21.67505343236753,33.87754578014716,5777,15.966666666666667,19.539999999999996,28.089333333333283,"(np.float64(0.520038276042694), np.float64(-1.9765029465641293), np.float64(18.91131174519616))"
LYTV,Tivat,negative,Beta,0.02943603290278013,8.78978257396489e-05,-27849.773892368416,-27823.12733318529,17.080392801912776,21.625086955440313,31.9910801403562,5777,15.966666666666667,19.539999999999996,28.089333333333283,"(np.float64(1.2886129462912257), np.float64(21060724.65899156), np.float64(0.00044182367203935905), np.float64(549032.5978523063))"
LYTV,Tivat,negative,Pareto,0.07119649357278213,6.569170989614171e-26,35354.56384331273,35374.54876270008,18.073175808691303,23.511503452955367,36.14386746224409,5777,15.966666666666667,19.539999999999996,28.089333333333283,"(np.float64(2932.6945927981997), np.float64(-22988.684720569574), 22988.70138723624)"
LYTV,Tivat,negative,Chi-Square,0.29211788311297227,0.0,37737.5626444559,37757.54756384325,14.44348819543846,20.381647922711274,34.9306112724162,5777,15.966666666666667,19.539999999999996,28.089333333333283,"(np.float64(1.0402771409869178), np.float64(0.016666666666666663), np.float64(5.168432039139027))"
LYTV,Tivat,negative,F-Distribution,0.03333774230996123,5.1684451293755296e-06,35135.41459806562,35162.06115724874,16.915800040596356,21.637324636491392,32.85203082275408,5777,15.966666666666667,19.539999999999996,28.089333333333283,"(np.float64(2.7177413882825703), np.float64(56.19560844396233), np.float64(-0.010389361893249299), np.float64(7.576217570623767))"
LYTV,Tivat,negative,T-Distribution,0.1117439136821869,2.7522879774187125e-63,37169.466683875406,37189.45160326275,13.939747021564564,16.64210831591764,23.6427088174052,5777,15.966666666666667,19.539999999999996,28.089333333333283,"(np.float64(4.4872148038296125), np.float64(6.763214630825869), np.float64(4.7792294508850794))"
LYTV,Tivat,negative,Normal,0.15913511840667988,2.903632875806518e-128,40215.89691515679,40229.22019474835,17.927265717947098,20.78173234096988,26.136237004570027,5777,15.966666666666667,19.539999999999996,28.089333333333283,"(np.float64(7.858106860538919), np.float64(7.857006403897023))"
LYTV,Tivat,negative,Uniform,0.876378396745864,0.0,63006.766461327294,63020.089740918855,210.10666666666665,221.7783333333333,231.11566666666664,5777,15.966666666666667,19.539999999999996,28.089333333333283,"(np.float64(0.016666666666666666), np.float64(233.4333333333333))"
LYTV,Tivat,negative,Laplace,0.13474446026979883,6.164944430048478e-92,37701.61374010879,37714.93701970035,14.049462826693862,17.379796861177525,25.112593021204717,5777,15.966666666666667,19.539999999999996,28.089333333333283,"(np.float64(6.316666666666666), np.float64(4.804656396053315))"
LYTV,Tivat,negative,Logistic,0.11474752986803276,1.0131697725592659e-66,37538.7653857151,37552.08866530666,14.570043459053668,17.134562672478665,22.79987479502631,5777,15.966666666666667,19.539999999999996,28.089333333333283,"(np.float64(7.028935269775636), np.float64(3.4321062430588722))"
LWSK,Skopje,positive,Log-Normal,0.03510241274857406,1.302139990291105e-12,79179.90522407196,79201.92248005557,26.019463801729607,35.495051576798275,62.990135566998504,11374,24.733333333333334,32.44500000000001,57.51800000000003,"(np.float64(0.8174046057111019), -1.3850113418489778, np.float64(9.61342130135604))"
LWSK,Skopje,positive,Gamma,0.9059758730094226,0.0,194046.80501292448,194068.8222689081,0.21194824486424335,0.7766704622375171,3.408455144711438,11374,24.733333333333334,32.44500000000001,57.51800000000003,"(np.float64(0.044784534698260575), np.float64(0.016666666666666663), np.float64(3.33746939625858))"
LWSK,Skopje,positive,Weibull,0.025316038830616394,9.146171184563976e-07,78908.52021271702,78930.53746870063,26.579222521735502,33.99808760183317,50.835899118819626,11374,24.733333333333334,32.44500000000001,57.51800000000003,"(np.float64(1.068445413826034), np.float64(0.015070976116835135), np.float64(12.169817594317301))"
LWSK,Skopje,positive,Log-Logistic,0.033541414969896155,1.493630100889108e-11,79499.76826071079,79521.78551669439,27.54764457915231,40.93458499694523,97.32021865570131,11374,24.733333333333334,32.44500000000001,57.51800000000003,"(np.float64(1.929798722721165), np.float64(-0.7636388331634703), np.float64(9.067380030154155))"
LWSK,Skopje,positive,Burr XII,0.01976389734768269,0.0002729391639356597,78697.01127916804,78726.3676204795,25.757759167628404,33.723450609861786,54.52082710650594,11374,24.733333333333334,32.44500000000001,57.51800000000003,"(np.float64(1.214915444050816), np.float64(5.803516513007493), np.float64(0.0029879738814451214), np.float64(46.56477845160616))"
LWSK,Skopje,positive,Generalized Gamma,0.021940083143039968,3.456802407497581e-05,78830.14085214524,78859.4971934567,26.411130425202455,34.32521457140111,53.21552172025879,11374,24.733333333333334,32.44500000000001,57.51800000000003,"(np.float64(1.5563696607801445), np.float64(0.8391009757113093), np.float64(-0.005357747923438434), np.float64(6.570147964381151))"
LWSK,Skopje,positive,Exponential,0.04515066878096846,1.378397562998041e-20,78988.78969489942,79003.46786555515,27.29783277952893,35.51028209619219,54.57899889239118,11374,24.733333333333334,32.44500000000001,57.51800000000003,"(0.016666666666666666, 11.848059902702067)"
LWSK,Skopje,positive,Lomax,0.049272366586836036,1.9478753442933256e-24,78978.92850345129,79000.9457594349,27.36577859833274,35.840060112107714,55.96048472244078,11374,24.733333333333334,32.44500000000001,57.51800000000003,"(np.float64(51.699868784514294), np.float64(0.016666666666646623), np.float64(600.4956734620075))"
LWSK,Skopje,positive,Inverse Gaussian,0.03466973299135645,2.5893205575844094e-12,79199.97998176291,79221.99723774652,26.203771808988716,35.06741704170322,57.67417076459795,11374,24.733333333333334,32.44500000000001,57.51800000000003,"(np.float64(0.7335273689759336), np.float64(-2.081393505221929), np.float64(19.012405196484654))"
LWSK,Skopje,positive,Beta,0.024942481584820042,1.4024095332808696e-06,-59425.0399526245,-59395.683611313034,26.79513745290152,34.32923743057301,51.66147506591956,11374,24.733333333333334,32.44500000000001,57.51800000000003,"(np.float64(1.1381440739817306), np.float64(2181987901.042654), np.float64(0.0004894921025881827), np.float64(52340457.3193118))"
LWSK,Skopje,positive,Pareto,0.049272364270413205,1.9478854728326757e-24,78978.9285034507,79000.94575943431,27.365782278180973,35.84006655351391,55.96050070363958,11374,24.733333333333334,32.44500000000001,57.51800000000003,"(np.float64(51.69952559660198), np.float64(-600.4750120278768), 600.4916786945435)"
LWSK,Skopje,positive,Chi-Square,0.6032889406788997,0.0,111712.0283626261,111734.0456186097,5.759117226428625,8.553311533382889,15.626501125003495,11374,24.733333333333334,32.44500000000001,57.51800000000003,"(np.float64(0.7522945030681869), np.float64(0.016666666666666663), np.float64(2.674012171290455))"
LWSK,Skopje,positive,F-Distribution,0.023275951755892588,8.73826978174127e-06,78752.47862361945,78781.83496493091,26.142040308429245,34.244050364824076,54.67515727180716,11374,24.733333333333334,32.44500000000001,57.51800000000003,"(np.float64(2.547439200519617), np.float64(24.480061432435246), np.float64(-0.0032884612218486435), np.float64(10.874103688280488))"
LWSK,Skopje,positive,T-Distribution,0.13359458130367366,1.7301446170045652e-177,83653.10155739111,83675.11881337472,19.829113288154815,24.847344377268666,41.158687601862844,11374,24.733333333333334,32.44500000000001,57.51800000000003,"(np.float64(2.669813950812653), np.float64(8.971579941512466), np.float64(6.409547850861001))"
LWSK,Skopje,positive,Normal,0.172588963823763,1.0041335883529938e-296,89830.14093118435,89844.81910184008,27.949642163249646,32.50949223087387,41.063012617304565,11374,24.733333333333334,32.44500000000001,57.51800000000003,"(np.float64(11.864726569368734), np.float64(12.55112632712954))"
LWSK,Skopje,positive,Uniform,0.8819525488773796,0.0,138273.85266278728,138288.53083344302,392.68666666666667,414.50166666666667,431.95366666666666,11374,24.733333333333334,32.44500000000001,57.51800000000003,"(np.float64(0.016666666666666666), np.float64(436.3))"
LWSK,Skopje,positive,Laplace,0.15547980857966298,1.373929003741241e-240,84756.1673074913,84770.84547814704,21.219025418234462,26.510184998909203,38.795877083810325,11374,24.733333333333334,32.44500000000001,57.51800000000003,"(np.float64(8.933333333333334), np.float64(7.633529687591583))"
LWSK,Skopje,positive,Logistic,0.1368625341894201,2.7133212895087625e-186,85166.69934711933,85181.37751777506,22.200402595460496,26.304571814614135,35.37114441369599,11374,24.733333333333334,32.44500000000001,57.51800000000003,"(np.float64(10.131869847987856), np.float64(5.492625957290077))"
LWSK,Skopje,negative,Log-Normal,0.03911336049254022,3.8329207450815783e-13,62341.00823683765,62362.503952031846,20.30370811104662,26.948123579860386,45.29012559159945,9559,19.766666666666666,24.485000000000007,35.19200000000001,"(np.float64(0.7256693912526067), -1.7227682188386098, np.float64(8.690777925422532))"
LWSK,Skopje,negative,Gamma,0.6511555136766314,0.0,102036.97572114276,102058.47143633696,3.573892936846661,5.181181028982623,9.189976735964981,9559,19.766666666666666,24.485000000000007,35.19200000000001,"(np.float64(0.4330430887351726), np.float64(0.016666666666666663), np.float64(2.950753263625299))"
LWSK,Skopje,negative,Weibull,0.019802877977739664,0.0010941963570177049,61655.10406190394,61676.599777098134,20.33665517122619,25.535488538868737,37.04259815720175,9559,19.766666666666666,24.485000000000007,35.19200000000001,"(np.float64(1.1555836925701453), np.float64(0.00814490146821945), np.float64(9.877733420840974))"
LWSK,Skopje,negative,Log-Logistic,0.03950693712193244,2.1199678066875185e-13,62782.38771301714,62803.88342821133,21.89972671662571,31.712016839910646,70.9274161716183,9559,19.766666666666666,24.485000000000007,35.19200000000001,"(np.float64(2.0946135135438757), np.float64(-0.9913093296818982), np.float64(8.018547770627471))"
LWSK,Skopje,negative,Burr XII,0.019907111103743103,0.001010865998089555,61655.61818941546,61684.27914300771,20.301335035056017,25.534306393799064,37.240520201629806,9559,19.766666666666666,24.485000000000007,35.19200000000001,"(np.float64(1.1663079287019043), np.float64(79.2072633941884), np.float64(0.006749406804065359), np.float64(416.2957997118673))"
LWSK,Skopje,negative,Generalized Gamma,0.27514160493073053,0.0,65611.88392324653,65640.54487683879,17.27518640059709,25.573380230600936,49.37785305875692,9559,19.766666666666666,24.485000000000007,35.19200000000001,"(np.float64(1.6285889477185373), np.float64(0.5498435363833376), np.float64(0.016666666666666663), np.float64(1.939347829466735))"
LWSK,Skopje,negative,Exponential,0.06518302148805,9.380743383679203e-36,61938.925997409555,61953.256474205686,21.63724775444983,28.14569118555794,43.25782884223299,9559,19.766666666666666,24.485000000000007,35.19200000000001,"(0.016666666666666666, 9.389699061966034)"
LWSK,Skopje,negative,Lomax,0.06546582276735202,4.6217645653538627e-36,61940.93965892275,61962.43537411694,21.61806697608715,28.12075838666154,43.21957927228474,9559,19.766666666666666,24.485000000000007,35.19200000000001,"(np.float64(445641.2465677711), np.float64(0.0166662925198494), np.float64(4180714.2276802454))"
LWSK,Skopje,negative,Inverse Gaussian,0.03953499795293802,2.0318572896200232e-13,62254.999814006485,62276.49552920068,20.194574521627214,26.338814076333605,41.536720544825336,9559,19.766666666666666,24.485000000000007,35.19200000000001,"(np.float64(0.5515443098824976), np.float64(-2.29584899431014), np.float64(21.217173791076526))"
LWSK,Skopje,negative,Beta,0.026407940211005176,3.17972354315279e-06,-35049.17216151355,-35020.51120792129,20.590461242041624,26.016159618568484,38.08976988137201,9559,19.766666666666666,24.485000000000007,35.19200000000001,"(np.float64(1.2117376535796096), np.float64(41.553344524385494), np.float64(0.0004099997117469557), np.float64(2.1037746067345564))"
LWSK,Skopje,negative,Pareto,0.06518303245372381,9.380486461252075e-36,61940.92617785418,61962.42189304837,21.637247890233994,28.145691722631454,43.25783088803291,9559,19.766666666666666,24.485000000000007,35.19200000000001,"(np.float64(28588292.63734344), np.float64(-268435455.98333332), np.float64(268435455.99999997))"
LWSK,Skopje,negative,Chi-Square,0.06158942657155225,5.787499821328018e-32,61960.668762709356,61982.16447790355,22.15939193013726,28.873216166840194,44.48002139142472,9559,19.766666666666666,24.485000000000007,35.19200000000001,"(np.float64(1.9691117766392918), np.float64(0.016666666666666663), np.float64(4.864966216252216))"
LWSK,Skopje,negative,F-Distribution,0.028399947570780126,3.935907156014687e-07,61713.19866876617,61741.859622358425,20.518990452654613,26.10372143663164,38.871329133622496,9559,19.766666666666666,24.485000000000007,35.19200000000001,"(np.float64(2.4913778493364553), np.float64(2700493.400955423), np.float64(-0.0032590527804623216), np.float64(9.409508809264967))"
LWSK,Skopje,negative,T-Distribution,0.11890986382403525,3.1551015451943697e-118,65596.36877252664,65617.86448772083,16.94511143949499,20.306336555093893,29.063812807461403,9559,19.766666666666666,24.485000000000007,35.19200000000001,"(np.float64(4.411321136240143), np.float64(8.064296654076422), np.float64(5.896947341195157))"
LWSK,Skopje,negative,Normal,0.12418503999701669,6.020468744318103e-129,67204.58508320324,67218.91555999937,19.831040868640553,22.7862914178078,28.329849965662163,9559,19.766666666666666,24.485000000000007,35.19200000000001,"(np.float64(9.406365728632702), np.float64(8.134417233205786))"
LWSK,Skopje,negative,Uniform,0.7959627639850442,0.0,96736.16415431038,96750.4946311065,141.81166666666667,149.68916666666667,155.99116666666666,9559,19.766666666666666,24.485000000000007,35.19200000000001,"(np.float64(0.016666666666666666), np.float64(157.54999999999998))"
LWSK,Skopje,negative,Laplace,0.14011170427924058,3.547570476957959e-164,66164.48871209685,66178.81918889297,16.891767318658722,20.950937226953947,30.376037878946,9559,19.766666666666666,24.485000000000007,35.19200000000001,"(np.float64(7.466666666666667), np.float64(5.856144296823238))"
LWSK,Skopje,negative,Logistic,0.1188977622733498,3.3347436151917378e-118,65847.47552573463,65861.80600253075,17.62969239684915,20.763093776129026,27.685130751291247,9559,19.766666666666666,24.485000000000007,35.19200000000001,"(np.float64(8.415755266690233), np.float64(4.193443503772078))"
