{"normal":{"parameters":["loc","scale"],"ci_lower":[354.377975,885.5033794017],"ci_upper":[444.025325,1861.5938187782],"mean_params":[396.805635,1050.6226664879]},"lognorm":{"parameters":["s","loc","scale"],"ci_lower":[0.0012373756,-844365.1574848637,0.3076086379],"ci_upper":[9.8550875094,-2200.7,844715.6657765055],"mean_params":[3.4729011655,-43830.828889887,40025.2051678727]},"gamma":{"parameters":["a","loc","scale"],"ci_lower":[0.0000395134,-1542370.4948809354,1.7515218877],"ci_upper":[1255.7867545602,-1453.225,2302.51586706],"mean_params":[1069.3141032832,-722324.0281796026,1357.1016173856]}}