,distribution,aic,ks_statistic,p_value,parameters
0,normal,8028237.819074878,0.11258311052871839,0.0,"(np.float64(397.70363892593804), np.float64(1095.7057844767323))"
1,nct,7738471.667043392,0.003388197984398822,3.509809950266697e-05,"(np.float64(3.6669593937604583), np.float64(0.9499423334959294), np.float64(-314.25349659792533), np.float64(580.2924089911978))"
2,lognorm,7991923.037153451,0.09606900554877768,0.0,"(np.float64(0.010632247583787974), np.float64(-97540.36937845766), np.float64(97895.83103060047))"
3,gamma,inf,0.9982130546132634,0.0,"(np.float64(9.409636804764355e-05), np.float64(-2202.0000000000005), np.float64(5.391614379827532))"
