{"normal":{"parameters":["loc","scale"],"ci_lower":[263.379275,779.3651448457],"ci_upper":[290.2933125,915.0196751649],"mean_params":[276.843505,826.1373030295]},"lognorm":{"parameters":["s","loc","scale"],"ci_lower":[0.0035475447,-251774.7657994086,0.7094497198],"ci_upper":[9.1902249807,-2645.725,252047.1838358342],"mean_params":[2.5168463096,-22184.8039612341,20281.8202740791]},"gamma":{"parameters":["a","loc","scale"],"ci_lower":[0.0023947511,-309047.7391318377,1.8203258745],"ci_upper":[724.9429628224,-1462.95,512.5896490444],"mean_params":[101.6001780471,-37711.4204505574,124.4961193792]}}