,distribution,aic,ks_statistic,p_value,parameters
0,normal,344306.26267474424,0.06411997256261937,5.0926345651586455e-76,"(np.float64(278.0493284146803), np.float64(831.2283995227878))"
1,nct,340537.0304688523,0.020757433299316008,2.4055050933374737e-08,"(np.float64(4.420619657030695), np.float64(0.35908481743192433), np.float64(-4.45998943389854), np.float64(596.5730017982992))"
2,lognorm,344072.8808077333,0.05873340843456687,7.626673987803309e-64,"(np.float64(0.023768325905224846), np.float64(-34511.7495466953), np.float64(34778.181032721826))"
3,gamma,inf,0.9979183384437518,0.0,"(np.float64(0.05649118377231653), np.float64(-2032.0000000000002), np.float64(5.240777761193799))"
