Unnamed: 0,distribution,aic,ks_statistic,p_value,parameters
0.0,normal,344306.26267474424,0.0641199725626193,5.0926345651586455e-76,"(np.float64(278.0493284146803), np.float64(831.2283995227878))"
1.0,nct,340537.0304688523,0.020757433299316,2.4055050933374737e-08,"(np.float64(4.420619657030695), np.float64(0.35908481743192433), np.float64(-4.45998943389854), np.float64(596.5730017982992))"
2.0,lognorm,344072.8808077333,0.0587334084345668,7.626673987803309e-64,"(np.float64(0.023768325905224846), np.float64(-34511.7495466953), np.float64(34778.181032721826))"
3.0,gamma,inf,0.9979183384437518,0.0,"(np.float64(0.05649118377231653), np.float64(-2032.0000000000002), np.float64(5.240777761193799))"
,burr12,541895.988845005,0.6165287157569224,0.0,"(np.float64(0.6801166077775984), np.float64(0.16134207421821678), np.float64(-14835.000000000002), np.float64(1.9808135514388439))"
,gengamma,537861.0488693407,0.6072748082202866,0.0,"(np.float64(0.23306932075334869), np.float64(-0.5099926306106894), np.float64(-14835.251043147757), np.float64(2.1853876727979085))"
,lomax,542274.398938923,0.6235579197497588,0.0,"(np.float64(0.11061530579305423), np.float64(-14835.000005504298), np.float64(1.7895769785507771))"
,invgauss,inf,0.6031560756900347,0.0,"(np.float64(85634.31989648135), np.float64(-7406.859375656646), np.float64(7517.912989184213))"
,expon,449242.69581550034,0.5799338231718963,0.0,"(-14835.0, 15113.04932841468)"
