{"normal":{"parameters":["loc","scale"],"ci_lower":[133.622125,748.3106716077],"ci_upper":[214.0377125,877.8897460142],"mean_params":[173.1520875,805.4939047069]},"lognorm":{"parameters":["s","loc","scale"],"ci_lower":[0.0066969058,-116928.8827362448,1.3881346306],"ci_upper":[8.473431205,-3200.8171722362,117090.332602223],"mean_params":[3.0984364207,-19469.5868994195,16958.1105567018]},"gamma":{"parameters":["a","loc","scale"],"ci_lower":[0.0014815764,-64042.2782682004,1.7427427407],"ci_upper":[1317.3473424754,-1576.95,262.9144825512],"mean_params":[259.427707844,-9894.7195611164,56.3091312206]}}