,distribution,aic,ks_statistic,p_value,parameters
0,normal,828699.4551201424,0.06955211224213642,1.9794785716303232e-215,"(np.float64(174.6084132263745), np.float64(802.7481840358463))"
1,nct,817859.0708519989,0.002875998215528197,0.7905755004529076,"(np.float64(4.219750313613945), np.float64(0.6926172224680712), np.float64(-295.560718016378), np.float64(551.0333061902427))"
2,lognorm,1359519.860883793,0.8252011537925162,0.0,"(np.float64(8.816035679342193), np.float64(-16876.000000000004), np.float64(3.5522797736825744))"
3,gamma,inf,0.9977609466314804,0.0,"(np.float64(0.03277837710054665), np.float64(-2310.0000000000005), np.float64(5.982143314271113))"
