Unnamed: 0,distribution,aic,ks_statistic,p_value,parameters
0.0,normal,828699.4551201424,0.0695521122421364,1.9794785716303232e-215,"(np.float64(174.6084132263745), np.float64(802.7481840358463))"
1.0,nct,817859.0708519989,0.0028759982155281,0.7905755004529076,"(np.float64(4.219750313613945), np.float64(0.6926172224680712), np.float64(-295.560718016378), np.float64(551.0333061902427))"
2.0,lognorm,1359519.860883793,0.8252011537925162,0.0,"(np.float64(8.816035679342193), np.float64(-16876.000000000004), np.float64(3.5522797736825744))"
3.0,gamma,inf,0.9977609466314804,0.0,"(np.float64(0.03277837710054665), np.float64(-2310.0000000000005), np.float64(5.982143314271113))"
,burr12,1323361.7280065278,0.6225020346571987,0.0,"(np.float64(0.5360734148799218), np.float64(0.2069939965987242), np.float64(-16876.000000000004), np.float64(2.166259881933544))"
,gengamma,1223867.3832257143,0.9999804343572687,0.0,"(np.float64(0.0006315904940506537), np.float64(-370.19236489909804), np.float64(-17907.5560649017), np.float64(836.9924629947927))"
,lomax,1099521.13150501,0.6410376855124384,0.0,"(np.float64(38644.09954294591), np.float64(-16876.009690005638), np.float64(565150618.206243))"
,invgauss,inf,0.822178334190564,0.0,"(np.float64(14.524496451626774), np.float64(-9996.165095043834), np.float64(665.3850901907376))"
,expon,1098249.6660023401,0.5846536921989246,0.0,"(-16876.0, 17050.608413226375)"
