{"normal":{"parameters":["loc","scale"],"ci_lower":[349.253225,890.0606398748],"ci_upper":[430.5481375,1131.0022058665],"mean_params":[389.9425625,985.9820084557]},"lognorm":{"parameters":["s","loc","scale"],"ci_lower":[0.0509776074,-21802.4613926443,0.340608942],"ci_upper":[8.7248304487,-2060.625,20008.1605297333],"mean_params":[3.0439007917,-6727.4988055542,4494.123396169]},"gamma":{"parameters":["a","loc","scale"],"ci_lower":[0.0004541026,-600281.9214588543,1.7333263556],"ci_upper":[877.9803081805,-1370.525,1944.3542354576],"mean_params":[83.3467519608,-99104.7272975991,224.6076693685]}}