,distribution,aic,ks_statistic,p_value,parameters
0,normal,6363720.36850042,0.1064864078266381,0.0,"(np.float64(391.5734390812172), np.float64(993.6717398715548))"
1,nct,6198031.056492079,0.0038679135172503543,2.140220191005825e-05,"(np.float64(3.563722251104125), np.float64(1.1375249163290877), np.float64(-434.14521709577093), np.float64(558.2118223068442))"
2,lognorm,10534635.985478828,0.820439046241504,0.0,"(np.float64(8.189994554388681), np.float64(-29876.000000000004), np.float64(14.612565007926321))"
3,gamma,inf,0.9984004159941391,0.0,"(np.float64(0.003175617656529236), np.float64(-2050.0000000000005), np.float64(6.217623513263701))"
