{"normal":{"parameters":["loc","scale"],"ci_lower":[189.677275,1007.3836346489],"ci_upper":[244.6614625,1521.9389616968],"mean_params":[219.9126625,1176.7209788818]},"lognorm":{"parameters":["s","loc","scale"],"ci_lower":[0.0015496441,-765239.6251334914,0.4059442993],"ci_upper":[10.6686895625,-2632.2,765454.0114513922],"mean_params":[4.2195638239,-95473.6902355183,86289.8881524544]},"gamma":{"parameters":["a","loc","scale"],"ci_lower":[0.0002019936,-1028259.9827099732,1.7241957844],"ci_upper":[1160.8944401484,-1748.725,1720.1095086362],"mean_params":[98.6667320972,-103899.6085315771,254.9461297714]}}