,distribution,aic,ks_statistic,p_value,parameters
0,normal,9726863.223777855,0.10989030040014625,0.0,"(np.float64(222.23201840354807), np.float64(1175.812627698632))"
1,nct,9431068.333949301,0.010821268179719956,1.053056897544507e-58,"(np.float64(3.38640916453919), np.float64(1.1365320024833818), np.float64(-693.8999348553691), np.float64(633.3030292876147))"
2,lognorm,15802769.444799729,0.8338674171284796,0.0,"(np.float64(4.273290164696791), np.float64(-55754.00000968549), np.float64(823.5220880474021))"
3,gamma,inf,0.9980432257659322,0.0,"(np.float64(0.020193427223399195), np.float64(-2454.0000000000005), np.float64(5.3907471640431375))"
