Unnamed: 0,distribution,aic,ks_statistic,p_value,parameters
0.0,normal,9726863.223777857,0.1098903004001462,0.0,"(np.float64(222.23201840354807), np.float64(1175.812627698632))"
1.0,nct,9431068.3339493,0.0108212681797199,1.053056897544507e-58,"(np.float64(3.38640916453919), np.float64(1.1365320024833818), np.float64(-693.8999348553691), np.float64(633.3030292876147))"
2.0,lognorm,15802769.444799729,0.8338674171284796,0.0,"(np.float64(4.273290164696791), np.float64(-55754.00000968549), np.float64(823.5220880474021))"
3.0,gamma,inf,0.9980432257659322,0.0,"(np.float64(0.020193427223399195), np.float64(-2454.0000000000005), np.float64(5.3907471640431375))"
,burr12,inf,0.6308413185148241,0.0,"(np.float64(0.8014771433102599), np.float64(0.12694426836220585), np.float64(-44083.00000000001), np.float64(2.232990117255401))"
,gengamma,16178151.368024353,0.6151548433523913,0.0,"(np.float64(0.20203004067564156), np.float64(-0.5387753232536032), np.float64(-55754.15738887881), np.float64(3.656456155538619))"
,lomax,inf,0.6273338099717125,0.0,"(np.float64(0.09932354387098374), np.float64(-44083.00000202871), np.float64(1.9331583541757578))"
,invgauss,inf,0.6527899559722392,0.0,"(np.float64(57411.035080774716), np.float64(-44124.354175718705), np.float64(44222.85163672399))"
,expon,13673259.10983223,0.6131811817675759,0.0,"(-55754.0, 55976.23201840355)"
