Region,Distribution,df,nc,loc,scale,KS,p-value
Europe,Normal,,,7.761853592359875,19.833127066073615,0.10696003633398765,0.0
Balkans,Normal,,,2.7887100441805956,14.716535628855421,0.06990866692651754,0.0
Europe,Noncentral t,3.7185230612634603,1.2139889639559216,-9.197518447606722,10.923873928476684,0.0034315834579472515,7.022067904796994e-47
Balkans,Noncentral t,4.222349780772724,0.5646559252655587,-4.188066059527326,9.976949906208386,0.003062342781453453,0.007117386413841563
