{"normal":{"parameters":["loc","scale"],"ci_lower":[213.7211625,765.2283063619],"ci_upper":[284.680825,927.0956849605],"mean_params":[254.433615,825.1507311436]},"lognorm":{"parameters":["s","loc","scale"],"ci_lower":[0.0020891593,-437131.6015486039,0.3246298255],"ci_upper":[8.9362188727,-2709.925,437405.5178017863],"mean_params":[2.8195952533,-115982.3071173016,114055.2243150474]},"gamma":{"parameters":["a","loc","scale"],"ci_lower":[0.0012059549,-551200.2833468135,1.6865827968],"ci_upper":[1392.7561763593,-1584.675,961.6988117054],"mean_params":[302.8504111225,-60195.4975038774,127.1919290102]}}