,distribution,aic,ks_statistic,p_value,parameters
0,normal,590062.3531410517,0.06002062818466147,4.9261580823261744e-114,"(np.float64(255.00997987483802), np.float64(824.384262258633))"
1,nct,582832.6389129328,0.005091183476557848,0.3029560473299995,"(np.float64(4.368723915394126), np.float64(0.35193136543863557), np.float64(-3.246576478773777), np.float64(583.8443926322836))"
2,lognorm,inf,0.8445102025538319,0.0,"(np.float64(7.83251642320708), np.float64(-9022.000000000002), np.float64(2.200787543953452))"
3,gamma,690610.692516817,0.3843892436075184,0.0,"(np.float64(485.7212905542449), np.float64(-118086.81549276618), np.float64(243.41714296743305))"
