Unnamed: 0,distribution,aic,ks_statistic,p_value,parameters
0.0,normal,590062.3531410517,0.0600206281846614,4.9261580823261744e-114,"(np.float64(255.00997987483802), np.float64(824.384262258633))"
1.0,nct,582832.6389129328,0.0050911834765578,0.3029560473299995,"(np.float64(4.368723915394126), np.float64(0.35193136543863557), np.float64(-3.246576478773777), np.float64(583.8443926322836))"
2.0,lognorm,inf,0.8445102025538319,0.0,"(np.float64(7.83251642320708), np.float64(-9022.000000000002), np.float64(2.200787543953452))"
3.0,gamma,690610.692516817,0.3843892436075184,0.0,"(np.float64(485.7212905542449), np.float64(-118086.81549276618), np.float64(243.41714296743305))"
,burr12,940686.8426575343,0.6214574984971407,0.0,"(np.float64(0.6880488610917541), np.float64(0.15873478545061098), np.float64(-17009.000000000004), np.float64(1.9017300025873434))"
,gengamma,780401.8095070001,0.9999724312849778,0.0,"(np.float64(0.00012426042203425748), np.float64(-4127993.474557981), np.float64(-8897023.90370849), np.float64(8880017.388098273))"
,lomax,792673.8889494309,0.5399563358592283,0.0,"(np.float64(159.93600633781944), np.float64(-17022.437972630163), np.float64(5235464.8546778625))"
,invgauss,775278.5243450141,0.6152083780477301,0.0,"(np.float64(0.9944421993442285), np.float64(-17032.593459520933), np.float64(17265.03214877838))"
,expon,780336.2902001904,0.581240775041072,0.0,"(-17009.0, 17264.009979874838)"
