{"normal":{"parameters":["loc","scale"],"ci_lower":[-34.6558625,848.6210262368],"ci_upper":[54.7359875,1290.1718255558],"mean_params":[8.04577,993.5624605085]},"lognorm":{"parameters":["s","loc","scale"],"ci_lower":[0.0077109552,-125217.7184158071,1.1257235491],"ci_upper":[8.8928927512,-3398.525,125240.6214439332],"mean_params":[3.7219374738,-22031.0965601284,17733.5486660346]},"gamma":{"parameters":["a","loc","scale"],"ci_lower":[0.0000950741,-421681.250640546,1.7218921156],"ci_upper":[1842.7778921867,-2017.25,1590.5834510783],"mean_params":[484.9111405454,-52571.58014006,176.5341884618]}}