,distribution,aic,ks_statistic,p_value,parameters
0,normal,378703.85726527165,0.09013928440751195,5.08144541809428e-161,"(np.float64(9.757122099423187), np.float64(1010.7297573696659))"
1,nct,369275.9412887097,0.003757072259259142,0.9044033430859234,"(np.float64(3.834928401133144), np.float64(0.5970247548406729), np.float64(-456.71984557463935), np.float64(613.4141326347627))"
2,lognorm,inf,0.06840999349183319,7.364661976550814e-93,"(np.float64(0.06553492827078604), np.float64(-14277.83908291216), np.float64(14257.06436606479))"
3,gamma,inf,0.9977527359368885,0.0,"(np.float64(0.0005528526494316781), np.float64(-3069.000000000001), np.float64(6.915498041913443))"
